,symbol,HotScore,TrendScore,regularMarketPrice,regularMarketChangePercent,VolumeSpike,averageDailyVolume3Month,MomentumScore,VolumeScore,VolatilityScore,marketCap
0,AAL,0.5666666666666665,0.0930232558139534,16.125,4.3028145,0.2381089594635676,70078392.0,0.7906976744186046,0.6201550387596899,0.3178294573643411,10664835072.0
1,AAOI,0.8372009569377991,0.6411483253588517,191.71,13.404321,0.9894934720732508,12738271.0,0.9904306220095692,0.6770334928229665,0.9473684210526316,15383342080.0
2,AAPL,0.7843324250681198,0.4359673024523161,307.48,4.4500327,0.7180233238960083,53586159.0,0.8092643051771117,0.779291553133515,0.9237057220708448,4516068458496.0
3,ABVX,0.9726164079822616,0.8004434589800443,133.26,38.595936,4.7795886907945295,1780072.0,1.0,0.9889135254988912,0.9822616407982262,10620093440.0
4,ACAD,0.7637359564464241,0.5924276169265034,25.32,6.7453647,4.149225241689086,1610954.0,0.82,0.9198218262806236,0.4777777777777778,4335692288.0
5,ACIW,0.8651515151515151,0.8333333333333334,45.17,5.24231,1.8773742170455567,788839.0,0.9318181818181818,0.9267676767676768,0.6565656565656566,4592052736.0
6,ACLS,0.7971291866028708,0.9354066985645934,191.415,6.270818,1.0782021353116638,690953.0,0.7607655502392344,0.7559808612440191,0.8636363636363636,5882928640.0
7,ACMR,0.905813953488372,0.8604651162790697,119.2,14.066983,1.138750243736911,1579572.0,0.9715762273901808,0.8656330749354005,0.8837209302325582,8237850624.0
8,ACN,0.839379474940334,0.6515513126491647,133.35,7.16008,0.8981343187873593,7485416.0,0.8758949880668258,0.8329355608591885,0.8806682577565632,81602478080.0
9,ADBE,0.7673076923076922,0.7262443438914027,221.0001,4.748083,0.780966508689132,6347527.0,0.8144796380090498,0.6583710407239819,0.8959276018099548,87847542784.0
10,ADPT,0.8403397027600849,0.4819532908704883,19.34,12.2461,2.2593421251148693,2333088.0,0.989384288747346,0.9596602972399152,0.5498938428874734,3095258368.0
11,AEIS,0.7947368421052632,0.9545454545454546,369.715,4.33022,1.7056902855963705,794758.0,0.5311004784688995,0.9473684210526316,0.9090909090909092,14792539136.0
12,AEM,0.7688995215311004,0.8301435406698564,171.36,5.3615355,1.189590495332252,2577260.0,0.6483253588516746,0.8397129186602871,0.8253588516746412,85686206464.0
13,AFRM,0.8011961722488038,0.6267942583732058,71.99,8.7955265,1.094328515138344,5128269.0,0.916267942583732,0.7631578947368421,0.7535885167464115,24109346816.0
14,AGI,0.7675837320574161,0.5789473684210527,37.5198,6.590334,1.3462283126480254,3506998.0,0.7894736842105263,0.901913875598086,0.5885167464114832,15757017088.0
15,AGM,0.773232323232323,0.9974747474747476,189.38,3.44677,1.1995022812111158,110906.0,0.7247474747474747,0.7045454545454546,0.8661616161616161,2054583296.0
16,AGX,0.7577519379844961,0.9844961240310076,719.55,4.4536695,0.2168781089453641,416741.0,0.8062015503875969,0.5193798449612403,0.9767441860465116,10087548928.0
17,AGYS,0.8697649572649573,0.8760683760683761,97.51,5.633198,2.14364295958829,355590.0,0.8589743589743589,0.9423076923076924,0.7585470085470085,2746528000.0
18,AIP,0.8283492822966507,0.784688995215311,47.36,9.401709,1.453629002490978,948222.0,0.916267942583732,0.8229665071770335,0.7057416267942583,2186705152.0
19,AJG,0.8637149028077753,0.8898488120950324,252.44,5.32816,1.4433488022577523,1894982.0,0.8358531317494601,0.8531317494600432,0.91792656587473,64862437376.0
20,ALAB,0.8009803921568627,0.8398692810457516,446.97,14.0986395,0.5238714841417648,6186754.0,0.9738562091503268,0.5163398692810458,0.977124183006536,76614205440.0
21,ALGM,0.9093301435406698,0.6818181818181818,66.37,14.648478,2.695271968702781,2577098.0,0.971291866028708,0.971291866028708,0.80622009569378,12365332480.0
22,ALGN,0.875,0.9251101321585904,181.49,7.6070213,1.3078864365402083,1043716.0,0.9273127753303964,0.7797356828193832,0.9251101321585904,12997974016.0
23,ALGT,0.7844286067804999,0.935412026726058,116.1,5.497497,3.2398602484472048,579600.0,0.6666666666666666,0.8552338530066815,0.7911111111111111,3120477696.0
24,ALL,0.7751262626262626,0.9267676767676768,231.55,4.03936,1.1093815744750213,1582826.0,0.8257575757575758,0.6060606060606061,0.9065656565656566,59605815296.0
25,ALSN,0.8880494505494506,0.8956043956043956,120.68,7.0427556,1.1658506246768865,895583.0,0.8461538461538461,0.9532967032967034,0.8434065934065934,10008714240.0
26,AMAT,0.9478632478632478,0.7713675213675214,668.0,13.419299,2.058965872885835,7787708.0,0.9807692307692308,0.938034188034188,0.9957264957264956,530364891136.0
27,AMBA,0.9610478359908884,0.7835990888382688,86.4897,29.069838,4.670656162858085,1209593.0,0.9977220956719818,0.9931662870159452,0.929384965831435,3794146048.0
28,AMKR,0.9271317829457364,0.5968992248062015,94.28,10.346437,0.7704604864570423,4710714.0,1.0,0.9689922480620154,0.8914728682170543,23369420800.0
29,APD,0.933827893175074,0.9109792284866468,294.32,8.46321,1.358908823008886,1214835.0,0.9376854599406528,0.9376854599406528,0.9317507418397626,65539383296.0
30,APLD,0.6282945736434109,0.3565891472868217,48.295,3.9272583,0.2759204884664921,22530266.0,0.7131782945736435,0.7054263565891473,0.4806201550387597,13801239552.0
31,APP,0.8952267303102626,0.8782816229116945,569.735,10.578772,0.7906994495610045,4912806.0,0.973747016706444,0.7684964200477327,0.9880668257756564,191396495360.0
32,ARGX,0.8754901960784313,0.9950980392156864,893.065,4.7582016,1.032131622088644,338545.0,0.8602941176470589,0.7965686274509803,0.9803921568627452,55812067328.0
33,ARIS,0.7773755656108597,0.5542986425339367,15.8847,8.650478,1.0125099761625191,1329419.0,0.9773755656108596,0.8371040723981901,0.4343891402714932,3278601984.0
34,ARM,0.8735645933014354,0.7679425837320574,412.32,8.278601,1.1733118627009955,10757019.0,0.8947368421052632,0.8253588516746412,0.9736842105263158,440390254592.0
35,ARWR,0.8649408284023669,0.863905325443787,81.04,5.865444,1.6912630863868463,1812093.0,0.8875739644970414,0.8668639053254438,0.8224852071005917,11415053312.0
36,ASML,0.8464523281596452,0.9822616407982262,1989.44,5.646508,1.4269842119006897,1887941.0,0.8070953436807096,0.7605321507760532,0.9977827050997784,766765301760.0
37,ASND,0.9648648648648648,0.9287469287469288,260.47,9.436582,2.979030704242549,671601.0,0.9656019656019657,0.9754299754299754,0.9631449631449632,17080613888.0
38,ASR,0.7989234449760766,0.9976076555023924,300.185,4.561288,1.587834406820429,74834.0,0.5574162679425837,0.9330143540669856,0.8875598086124402,9015176192.0
39,ASTH,0.8945916114790287,0.8741721854304636,49.81,7.3260107,3.114948361073152,545906.0,0.9161147902869756,0.9801324503311258,0.717439293598234,2469750016.0
40,ASTS,0.8680878552971576,0.4392764857881137,85.6503,19.874462,1.1365549901154377,22191170.0,0.9896640826873384,0.8630490956072352,0.8785529715762274,33242986496.0
41,ATEX,0.8242793791574279,0.9113082039911308,102.94,4.784207,2.186916201063825,417738.0,0.7494456762749445,0.933481152993348,0.720620842572062,2007172736.0
42,ATRO,0.8531065088757397,0.940828402366864,80.06,6.039732,1.4187567715932563,692230.0,0.8994082840236687,0.7958579881656804,0.8284023668639053,3443254272.0
43,AU,0.7536065573770493,0.659016393442623,84.18,4.067253,0.5033546155047229,2926863.0,0.7245901639344262,0.8262295081967214,0.7245901639344262,42563440640.0
44,AUGO,0.8654094827586206,0.8146551724137931,65.46,8.198345,1.3927604947107106,983686.0,0.9633620689655172,0.8318965517241379,0.7780172413793104,5465909760.0
45,AVAV,0.9713968957871396,0.8492239467849224,165.07,18.755402,6.116875694286749,1303496.0,0.9933481152993348,0.9933481152993348,0.9556541019955654,8353379840.0
46,AVGO,0.7800295857988166,0.742603550295858,392.9,4.297736,1.2366910371441229,25397396.0,0.8076923076923077,0.6627218934911243,0.955621301775148,1869253312512.0
47,AWK,0.74,0.7934426229508197,136.55,3.6134593,0.4891974528610489,2097098.0,0.6,0.8098360655737705,0.8360655737704918,26665555968.0
48,AXON,0.9135167464114832,0.9521531100478468,510.6,9.846615,1.530548557538023,1187241.0,0.9258373205741628,0.8516746411483254,0.9808612440191388,41155424256.0
49,AXTI,0.7653110047846889,0.5574162679425837,111.0999,14.3326645,0.8407691261307496,11644488.0,0.992822966507177,0.5191387559808612,0.901913875598086,7268509184.0
50,AYA,0.8235645933014355,0.8277511961722488,20.67,10.470091,1.204088168745941,337217.0,0.9545454545454546,0.84688995215311,0.5514354066985646,2963039232.0
51,AYI,0.9817401960784312,0.965686274509804,363.66,19.033745,2.569971827458837,399325.0,0.9926470588235294,0.9705882352941176,0.9901960784313726,11024413696.0
52,AZN,0.9109836065573772,0.8491803278688524,195.31,6.227563,0.6616966638279678,1973909.0,0.9278688524590164,0.9114754098360656,0.9114754098360656,302898905088.0
53,AZO,0.8796717171717171,1.0,3046.46,3.30274,2.7385045553667706,298988.0,0.6868686868686869,0.9722222222222222,0.9949494949494948,49734541312.0
54,BALL,0.7964646464646464,0.7247474747474747,60.49,3.93471,1.5809783875214056,2857886.0,0.8080808080808081,0.8838383838383839,0.6590909090909091,16105251840.0
55,BAP,0.7840236686390533,0.985207100591716,386.94,6.22049,1.0480040890199758,477376.0,0.9053254437869822,0.4970414201183432,0.9733727810650888,30741733376.0
56,BB,0.8062499999999999,0.0931372549019607,10.4,20.651325,2.1747846199575886,28848425.0,0.9975490196078431,0.9558823529411764,0.5661764705882353,6095037952.0
57,BBWI,0.7423497267759562,0.5245901639344263,20.905,7.4274054,0.4550958754114364,6064120.0,0.9617486338797814,0.6939890710382514,0.5519125683060109,4213649664.0
58,BE,0.8890522875816993,0.6830065359477124,276.145,9.5739765,0.985356324092781,11454979.0,0.9215686274509804,0.8986928104575164,0.9183006535947712,78547746816.0
59,BELFA,0.9379271070615034,0.9977220956719818,293.135,7.544852,2.6143027698185293,125640.0,0.89749430523918,0.9635535307517084,0.9339407744874716,3729470720.0
60,BELFB,0.8715077605321507,0.9866962305986696,333.04,5.5092716,1.877179003335736,276101.0,0.8004434589800443,0.8869179600886918,0.9113082039911308,4736730624.0
61,BHVN,0.8729289940828402,0.5769230769230769,13.62,12.6551,2.7399361331527,2397488.0,0.9940828402366864,0.9733727810650888,0.6331360946745562,2050640640.0
62,BIDU,0.8568181818181818,0.777511961722488,112.18,7.6376886,1.7204416187618266,2367019.0,0.861244019138756,0.9066985645933014,0.8014354066985646,38169546752.0
63,BIIB,0.7941437762929968,0.933184855233853,216.03,6.966722,1.79588726397523,1205329.0,0.8377777777777777,0.6325167037861915,0.9311111111111112,31894046720.0
64,BILL,0.8178997613365155,0.6276849642004774,39.41,8.987832,0.8867461773994917,2491236.0,0.9522673031026252,0.8281622911694511,0.6599045346062052,3925106944.0
65,BIO,0.9162162162162162,0.9606879606879608,298.81,6.6988077,1.2121812342861973,378648.0,0.9336609336609336,0.8648648648648649,0.9533169533169532,7996633088.0
66,BKNG,0.8850318471337578,0.6348195329087049,181.25,7.28661,1.747704355072336,7838538.0,0.9129511677282378,0.8980891719745223,0.9384288747346072,140446728192.0
67,BLDR,0.8602972399150742,0.6942675159235668,85.41,11.3124,1.3643250312304809,2561600.0,0.9872611464968152,0.7664543524416136,0.8853503184713376,9186689024.0
68,BLSH,0.7810154525386314,0.6688741721854304,25.23,7.68246,1.3571422836197795,1494522.0,0.9293598233995584,0.7792494481236203,0.5805739514348786,3826087936.0
69,BLTE,0.9363905325443788,0.9881656804733728,148.34,7.3449554,1.898373565583139,174984.0,0.9497041420118344,0.9142011834319528,0.9260355029585798,5946222592.0
70,BNTX,0.7616515837104073,0.8484162895927602,97.6,3.9182286,1.0803596430418008,953501.0,0.6538461538461539,0.8687782805429864,0.7194570135746606,24681502720.0
71,BOBS,0.7668537490720119,0.5835189309576837,16.18,7.43692,4.43296116386448,1106933.0,0.8622222222222222,0.930957683741648,0.4044444444444444,2113552768.0
72,BWIN,0.7883197228408811,0.6013363028953229,26.22,9.204494,2.684934917156901,1618783.0,0.9511111111111112,0.8106904231625836,0.5577777777777778,2556186368.0
73,CAAP,0.7778708133971292,0.8708133971291866,28.12,6.3942513,1.3204982040626188,244719.0,0.777511961722488,0.8995215311004785,0.5191387559808612,4589822464.0
74,CACI,0.8621767241379311,0.9913793103448276,502.83,7.7000475,1.132371361784809,304167.0,0.9547413793103448,0.6637931034482759,0.9827586206896552,11108169728.0
75,CALM,0.7767676767676768,0.8838383838383839,79.57,4.73871,1.1196001774007804,804957.0,0.8939393939393939,0.6313131313131313,0.7727272727272727,3769755136.0
76,CAMT,0.8028473804100227,0.9316628701594531,164.065,4.2874365,1.441960708050084,467933.0,0.6719817767653758,0.9066059225512528,0.785876993166287,7654702080.0
77,CARG,0.8062841530054645,0.7814207650273224,30.57,9.413025,0.4507117371292647,1312493.0,0.989071038251366,0.6885245901639344,0.7049180327868853,2757019392.0
78,CAT,0.9116452991452992,0.908119658119658,1057.01,6.29091,1.7351443742182138,2663772.0,0.8931623931623932,0.8867521367521367,0.9893162393162394,486850330624.0
79,CBOE,0.8143015521064302,0.8824833702882483,242.67,4.82053,1.5741730087339434,1328037.0,0.7560975609756098,0.8203991130820399,0.8713968957871396,25396334592.0
80,CBRS,0.9135658914728682,0.7054263565891473,216.56,19.233309,1.175232801752394,8782043.0,0.9844961240310076,0.8733850129198967,0.9638242894056848,48260517888.0
81,CCEP,0.8481277533039647,0.8259911894273128,106.1,6.0257807,1.5303710670751078,1841473.0,0.8436123348017621,0.8678414096916299,0.8325991189427313,46978646016.0
82,CDLR,0.8262942779291553,0.9237057220708448,22.285,5.4661655,1.186241688215737,86624.0,0.904632152588556,0.9509536784741144,0.4223433242506812,2149856512.0
83,CDW,0.8263888888888888,0.8383838383838383,130.06,5.25208,1.17800531323335,2000665.0,0.9343434343434344,0.6893939393939394,0.8712121212121212,16615613440.0
84,CEG,0.658139534883721,0.7751937984496124,270.81,3.2246964,0.2398016095902689,3430811.0,0.5271317829457365,0.6356589147286822,0.8682170542635659,96706797568.0
85,CELH,0.7563186813186813,0.3296703296703296,31.9199,9.016052,0.5281172530051453,9076100.0,0.945054945054945,0.7857142857142857,0.5879120879120879,8160014848.0
86,CGAU,0.742295081967213,0.5016393442622951,16.58,6.6924067,0.4720082106822933,1594021.0,0.9540983606557376,0.7836065573770492,0.419672131147541,3292706048.0
87,CGNX,0.8006833712984055,0.6583143507972665,72.64,6.2609696,1.2232650786433426,2241067.0,0.835990888382688,0.8678815489749431,0.6924829157175398,12088709120.0
88,CHDN,0.8043062200956937,0.861244019138756,91.895,5.699326,1.7402153056501437,920366.0,0.6842105263157895,0.9521531100478468,0.7272727272727273,6404797440.0
89,CHRN,0.8451183431952661,0.9230769230769232,20.61,7.7365475,1.5767187941212064,223107.0,0.9585798816568049,0.8372781065088757,0.621301775147929,2949154560.0
90,CHTR,0.9325163398692812,0.7843137254901961,149.66,11.9874325,2.596660968465438,3322101.0,0.954248366013072,0.9836601307189542,0.8790849673202614,23448485888.0
91,CHYM,0.8031125958921059,0.3808463251670378,20.32,11.220576,3.69898939839989,4564311.0,0.9866666666666668,0.8930957683741648,0.5355555555555556,7742308864.0
92,CIEN,0.8406633906633907,0.8722358722358723,487.395,5.1530666,0.8655585717061085,2815583.0,0.8894348894348895,0.7100737100737101,0.968058968058968,68992188416.0
93,CME,0.8105726872246696,0.8524229074889867,231.0,4.605352,1.4586096839996694,3183003.0,0.7026431718061674,0.8524229074889867,0.9052863436123348,83465551872.0
94,COHU,0.842090395480226,0.8700564971751412,67.68,5.667443,0.5206569106490306,1302034.0,0.9152542372881356,0.7966101694915254,0.7796610169491526,3192827648.0
95,COIN,0.8547732696897374,0.649164677804296,163.36,11.747801,0.7394252821376163,9404719.0,0.9832935560859188,0.7374701670644391,0.9379474940334128,43038949376.0
96,CRCL,0.8181967213114754,0.3573770491803278,65.31,5.4237237,0.7075743737551143,14590698.0,0.8819672131147541,0.9377049180327868,0.7278688524590164,17456754688.0
97,CRDO,0.7593155893536122,0.6273764258555133,271.355,10.450594,0.3510901098254848,8502125.0,0.9619771863117872,0.4980988593155893,0.9277566539923956,50601713664.0
98,CRL,0.8678418803418805,0.8653846153846154,212.71,5.24988,1.7864030247030598,859853.0,0.8354700854700855,0.905982905982906,0.8589743589743589,10245757952.0
99,CRNX,0.8804535637149027,0.7278617710583153,42.23,9.177867,1.794221740402887,1212995.0,0.9740820734341252,0.9287257019438444,0.7084233261339092,4452740096.0
100,CRSP,0.8937704918032786,0.7213114754098361,59.39,6.7781386,0.7248296535390406,1716355.0,0.9573770491803278,0.9442622950819672,0.780327868852459,5848972288.0
101,CRWD,0.8633986928104574,0.9281045751633988,745.8708,6.3873053,0.8123447573381991,3378179.0,0.8104575163398693,0.8366013071895425,0.9705882352941176,189872455680.0
102,CRWV,0.896327683615819,0.5480225988700564,115.035,7.8015227,0.6929763208717816,29128395.0,0.9717514124293786,0.9096045197740112,0.9152542372881356,62759690240.0
103,CSL,0.8150743099787686,0.9660297239915074,378.53,7.26876,1.133440063420322,388519.0,0.910828025477707,0.583864118895966,0.9766454352441614,15317244928.0
104,CWST,0.833864118895966,0.8343949044585988,91.24,5.87143,1.6411684543409513,766825.0,0.8280254777070064,0.8768577494692145,0.7685774946921444,5803770880.0
105,CXT,0.8247041420118343,0.8905325443786982,45.35,5.76025,1.447099430487414,811220.0,0.8816568047337278,0.8076923076923077,0.7218934911242604,2609546240.0
106,CYTK,0.777906976744186,0.689922480620155,74.405,4.237884,0.4227473730140527,2367447.0,0.7829457364341085,0.8837209302325582,0.627906976744186,10102010880.0
107,DASH,0.8784688995215311,0.7583732057416268,167.975,11.552002,1.1369255449655562,4588501.0,0.9665071770334928,0.7990430622009569,0.9234449760765552,73189851136.0
108,DAVE,0.9046650717703348,0.9593301435406698,306.355,6.825794,1.914661319461261,574007.0,0.8133971291866029,0.9641148325358851,0.9330143540669856,3895073280.0
109,DB,0.8075409836065572,0.5409836065573771,35.975,6.246302,0.5491904942973402,2992814.0,0.9311475409836064,0.8655737704918033,0.6229508196721312,68826062848.0
110,DDOG,0.7974078198465727,0.7616926503340757,239.77,8.522676,1.6594389830275984,5759291.0,0.9222222222222224,0.5924276169265034,0.9555555555555556,85348573184.0
111,DFTX,0.921656050955414,0.5923566878980892,42.13,16.4456,5.061124357586573,2461032.0,0.9978768577494692,0.9978768577494692,0.8195329087048833,4594983936.0
112,DJT,0.7457765667574932,0.3079019073569482,8.61,7.356598,0.9553366872259076,4369649.0,0.9727520435967304,0.9237057220708448,0.2561307901907357,2384572416.0
113,DKS,0.7265536723163842,0.9548022598870056,228.835,3.9970067,0.3495942441446048,1151801.0,0.7909604519774012,0.4858757062146893,0.9209039548022598,20481312768.0
114,DLO,0.8515452538631346,0.4768211920529801,14.67,12.889574,4.812371189798399,2402760.0,0.9867549668874172,0.9933774834437086,0.5540838852097131,4316928000.0
115,DNLI,0.7970414201183433,0.7071005917159763,23.49,7.113541,1.3804335468738356,1838371.0,0.940828402366864,0.7692307692307693,0.6390532544378699,3728091904.0
116,DPC,0.982843137254902,1.0,45.785,38.742424,49880.68333333333,300.0,1.0,1.0,0.9142156862745098,6454321664.0
117,DSC,0.8394273127753303,0.698237885462555,7.71,39.673916,1.4467319947920236,364825.0,1.0,0.8502202643171806,0.6101321585903083,7721178624.0
118,DUOL,0.7710858585858584,0.8636363636363636,132.18,3.87426,1.156332518764691,1716655.0,0.8005050505050505,0.6818181818181818,0.8295454545454546,6158677504.0
119,DYN,0.8215976331360947,0.6923076923076923,19.2,6.2534647,1.9878525955819857,1709501.0,0.908284023668639,0.9201183431952664,0.5621301775147929,3174024960.0
120,ECO,0.730327868852459,0.8622950819672132,53.63,7.3888717,0.3103947542137922,454460.0,0.9704918032786886,0.4295081967213114,0.7704918032786885,2093964928.0
121,EFX,0.8312095032397409,0.8596112311015118,172.07,6.10471,1.2560430267292302,1741801.0,0.9006479481641468,0.7213822894168467,0.8876889848812095,20757596160.0
122,EGO,0.7555023923444977,0.5765550239234449,33.625,9.670581,1.0147665974776503,3170060.0,0.9401913875598086,0.6913875598086124,0.6339712918660287,8760520704.0
123,ELF,0.8939890710382513,0.7650273224043715,67.96,6.2040906,0.95517784468157,3281993.0,0.9344262295081968,0.9453551912568308,0.7978142076502732,4039578112.0
124,ELVN,0.8428030303030303,0.7878787878787878,48.6,5.74412,1.413938791372068,1354809.0,0.9595959595959596,0.8207070707070707,0.7045454545454546,3471900416.0
125,EMAT,0.7131147540983604,0.907103825136612,7.2701,4.921928,0.4827015630421051,112409.0,0.8743169398907104,0.73224043715847,0.3005464480874317,4313712640.0
126,EMBJ,0.8239234449760765,0.7607655502392344,61.705,6.7560596,1.6568402561835192,1677079.0,0.8086124401913876,0.9425837320574164,0.6746411483253588,10980913152.0
127,EMR,0.6966101694915254,0.8757062146892656,151.02,3.071253,0.4064612018334312,2878319.0,0.6214689265536724,0.6440677966101694,0.8305084745762712,84586299392.0
128,ENLT,0.9409090909090908,0.9722222222222222,90.56,5.9553,2.4086473366965206,199414.0,0.9671717171717172,0.9671717171717172,0.8333333333333334,12652703744.0
129,ENSG,0.7175141242937852,0.9774011299435028,156.86,4.0806804,0.3367668005469303,560949.0,0.8135593220338984,0.4406779661016949,0.903954802259887,9167745024.0
130,ENTG,0.8873205741626794,0.8253588516746412,163.02,8.304544,1.3186147220248872,2792768.0,0.901913875598086,0.8971291866028708,0.8755980861244019,24827947008.0
131,EOSE,0.7631656804733727,0.0798816568047337,7.6,11.600587,1.8414507106843192,25596034.0,0.9911242603550297,0.9112426035502958,0.4467455621301775,2580306432.0
132,ERIE,0.7991161616161617,0.9873737373737372,221.12,4.47437,1.1097678115994831,211337.0,0.8686868686868687,0.6085858585858586,0.9166666666666666,11562335232.0
133,ESAB,0.8380382775119617,0.8875598086124402,97.27,6.224743,1.8267689378185408,690061.0,0.7535885167464115,0.9593301435406698,0.7488038277511961,5921964032.0
134,ESLT,0.9034426229508196,1.0,802.66,5.6159363,0.5181177170451762,114308.0,0.8885245901639345,0.839344262295082,0.9934426229508196,37603397632.0
135,EW,0.7305084745762711,0.7344632768361582,89.198,3.3820112,0.4892545616111383,5019060.0,0.7005649717514124,0.7570621468926554,0.7344632768361582,51360206848.0
136,EXE,0.8032319391634981,0.6159695817490495,92.53,5.6989536,0.8223019149889541,3329732.0,0.8060836501901141,0.908745247148289,0.7072243346007605,22135844864.0
137,EXPE,0.909447983014862,0.8768577494692145,262.15,6.96943,1.737165817831233,1669935.0,0.902335456475584,0.8959660297239915,0.961783439490446,31463788544.0
138,FA,0.7943965517241378,0.584051724137931,20.53,8.653084,1.430949845132048,1431865.0,0.9676724137931034,0.8469827586206896,0.5043103448275862,3521655552.0
139,FBIN,0.883204134366925,0.6640826873385013,50.765,10.454744,1.8457955690309733,2617441.0,0.937984496124031,0.9689922480620154,0.7467700258397932,6055930368.0
140,FCEL,0.88486646884273,0.3887240356083086,37.46,25.704699,1.772918733340766,9982827.0,0.9940652818991098,0.9584569732937686,0.8130563798219584,2532602112.0
141,FDS,0.9252202643171806,0.9515418502202644,245.475,6.6911526,1.8972885418063477,939642.0,0.8920704845814978,0.9383259911894272,0.947136563876652,8942930944.0
142,FIG,0.7249318801089918,0.2234332425068119,21.28,9.184202,0.6732769574752738,19643160.0,0.989100817438692,0.7193460490463215,0.5231607629427792,11243853824.0
143,FIGR,0.8376854599406528,0.4599406528189911,30.755,13.612853,1.1364467338074518,4103616.0,0.9792284866468842,0.9080118694362018,0.655786350148368,6799956480.0
144,FISV,0.7704918032786886,0.639344262295082,49.645,3.6213746,0.937235596025332,6718649.0,0.7431693989071039,0.9289617486338798,0.6065573770491803,26473394176.0
145,FIX,0.8178229665071771,1.0,1948.69,5.0943,1.3076544645452717,447190.0,0.7296650717703349,0.7511961722488039,0.9976076555023924,68562644992.0
146,FIZZ,0.9372131147540984,0.8590163934426229,34.94,12.709674,1.4857276457101485,331480.0,0.9934426229508196,0.9836065573770492,0.7967213114754098,3271505664.0
147,FLEX,0.8155637254901961,0.6715686274509803,161.075,6.9129114,0.8361341368941712,6589835.0,0.9411764705882352,0.6887254901960784,0.8897058823529411,59014324224.0
148,FNV,0.8477272727272727,0.9282296650717704,221.88,5.9295316,1.6103291221030478,854303.0,0.7200956937799043,0.937799043062201,0.8732057416267942,42790789120.0
149,FORM,0.7746732026143791,0.8464052287581699,144.75,10.71592,0.5374212111033257,1973787.0,0.934640522875817,0.545751633986928,0.8594771241830066,11283952640.0
150,FOUR,0.8532908704883228,0.6475583864118896,44.22,14.3522,1.4851986872151648,1754743.0,0.9957537154989384,0.8046709129511678,0.7919320594479831,4383526400.0
151,FRHC,0.9794052863436122,0.9911894273127754,157.11,20.418486,2.556363182948386,136339.0,0.9955947136563876,0.9669603524229076,0.9669603524229076,9629677568.0
152,FRMI,0.7766272189349113,0.1390532544378698,8.66,9.898474,2.235002645301482,17412004.0,0.9822485207100592,0.9467455621301776,0.4378698224852071,5525801472.0
153,FROG,0.9315909428359316,0.7216035634743875,87.58,11.14213,7.547359503094417,2623919.0,0.9844444444444445,0.9821826280623608,0.8555555555555555,10607666176.0
154,GDDY,0.8263269639065818,0.6836518046709129,81.33,6.87254,1.5436325638893544,2530312.0,0.89171974522293,0.832271762208068,0.772823779193206,10768892928.0
155,GDS,0.7768496420047732,0.6133651551312649,32.061,6.763237,0.9937937611420312,2207295.0,0.8448687350835322,0.883054892601432,0.5536992840095465,6424306688.0
156,GEF-B,0.7844961240310077,0.992248062015504,88.6,3.4563277,1.0851456765621983,36279.0,0.627906976744186,0.9844961240310076,0.6046511627906976,3355940352.0
157,GEHC,0.8318181818181817,0.6161616161616161,63.72,5.07916,1.5029723346418573,4936860.0,0.9242424242424242,0.8535353535353535,0.73989898989899,28985704448.0
158,GENB,0.7250950570342205,0.596958174904943,17.83,5.4405684,0.9208602242149284,704235.0,0.779467680608365,0.9391634980988594,0.3193916349809886,2285671936.0
159,GEV,0.8826923076923077,0.9763313609467456,1048.86,6.7705,1.3398062627741485,2640587.0,0.9289940828402368,0.742603550295858,1.0,281849659392.0
160,GFI,0.8034688995215309,0.6004784688995215,39.46,8.109587,1.2478841565715242,3372414.0,0.8899521531100478,0.8732057416267942,0.631578947368421,35293757440.0
161,GH,0.9605726872246696,0.8370044052863436,170.77,13.823906,2.5768953950978863,2585701.0,0.9911894273127754,0.9691629955947136,0.9537444933920703,22644090880.0
162,GIL,0.8865384615384615,0.8550295857988166,53.13,5.54231,4.452432863275002,1308561.0,0.8727810650887574,0.9881656804733728,0.7485207100591716,9838664704.0
163,GIS,0.8492273730684327,0.4083885209713024,37.77,8.53449,2.462606767057159,9601042.0,0.955849889624724,0.9602649006622516,0.6887417218543046,20157138944.0
164,GKOS,0.8587473002159827,0.9049676025917928,148.34,7.82873,1.257194217266932,986869.0,0.956803455723542,0.7235421166306696,0.9006479481641468,8712588288.0
165,GLW,0.915374677002584,0.6563307493540051,253.455,14.659579,1.268843203045638,13968830.0,0.9767441860465116,0.9018087855297158,0.9612403100775194,218132955136.0
166,GMAB,0.7328897338403042,0.4980988593155893,27.56,5.9185205,0.7313729770355367,1809535.0,0.8250950570342205,0.8897338403041825,0.4144486692015209,16920072192.0
167,GPC,0.9610151187904968,0.8358531317494601,132.57,12.9216,2.5948973671932123,1708177.0,0.9956803455723542,0.980561555075594,0.9287257019438444,18443419648.0
168,GRBK,0.8118895966029724,0.9341825902335456,80.22,7.60563,1.2308904207150473,231677.0,0.9256900212314224,0.6709129511677282,0.7983014861995754,3461056000.0
169,GRND,0.8298013245033111,0.5783664459161147,15.69,9.1858,2.506331366616928,1534029.0,0.9668874172185432,0.9624724061810156,0.4834437086092715,2788520704.0
170,GWRE,0.8915404040404039,0.8459595959595959,109.63,6.7582,1.3890982629961748,1594700.0,0.9848484848484848,0.8156565656565656,0.8838383838383839,9127395328.0
171,HCA,0.841639344262295,0.940983606557377,413.875,5.247434,0.437299219627578,1448411.0,0.8655737704918033,0.7213114754098361,0.960655737704918,91813953536.0
172,HD,0.8190021231422504,0.7855626326963907,342.86,5.67421,1.3590629237072387,4684101.0,0.8046709129511678,0.7600849256900213,0.9639065817409768,341871394816.0
173,HEI-A,0.8524572649572649,0.9401709401709402,257.47,4.67537,1.785072790414204,347848.0,0.7649572649572649,0.903846153846154,0.8717948717948718,35958075392.0
174,HIMS,0.781043956043956,0.2252747252747252,38.03,9.691378,0.5971576061113307,25128537.0,0.956043956043956,0.8406593406593407,0.6483516483516484,8802335744.0
175,HL,0.7564593301435407,0.2057416267942583,16.54,8.175284,1.7612267311272451,15763226.0,0.8923444976076556,0.9545454545454546,0.4473684210526316,11093583872.0
176,HLNE,0.6180790960451977,0.9209039548022598,87.1665,6.313573,0.2066317493912571,894877.0,0.9378531073446328,0.0677966101694915,0.8700564971751412,4840688128.0
177,HNGE,0.8677002583979327,0.8165374677002584,84.39,6.8633633,1.7356167032427372,1629025.0,0.8501291989664083,0.958656330749354,0.7648578811369509,6530108928.0
178,HONA,0.9582073434125268,0.8747300215982722,247.15,8.737736,2.41535451238646,2047841.0,0.9697624190064796,0.976241900647948,0.9481641468682506,78331658240.0
179,HOOD,0.9050295857988166,0.5,105.2,8.778821,2.2808223114941986,30167984.0,0.9792899408284024,0.9497041420118344,0.8994082840236687,94733131776.0
180,HQY,0.765789161098738,0.8619153674832962,88.46,6.029005,2.353333197464691,981340.0,0.7466666666666667,0.7683741648106904,0.7466666666666667,7415642112.0
181,HRI,0.8705128205128206,0.8675213675213675,153.0,6.8212,1.529549707503751,593170.0,0.9273504273504274,0.8247863247863247,0.8525641025641025,5109136896.0
182,HSAI,0.8531890660592255,0.4851936218678815,18.325,16.275385,2.9644544707992733,1776651.0,0.9908883826879272,0.9749430523917996,0.5831435079726651,2879631104.0
183,HSY,0.7797979797979799,0.8737373737373737,179.27,4.90374,1.057357882504438,2045473.0,0.9090909090909092,0.5555555555555556,0.898989898989899,36363730944.0
184,HUBB,0.8161202185792349,0.994535519125683,512.955,4.74241,0.4061120947700223,629735.0,0.8633879781420765,0.6284153005464481,0.9726775956284152,27105454080.0
185,HUBS,0.7937270477604553,0.8775055679287305,185.47,8.9206,1.4883516525258749,1895462.0,0.94,0.5412026726057907,0.9377777777777778,9494340608.0
186,HYMC,0.7884768621628309,0.512249443207127,23.74,8.451349,3.754520072017956,2242774.0,0.9177777777777778,0.8953229398663697,0.5133333333333333,2168900608.0
187,IBKR,0.8548458149779734,0.6828193832599119,93.25,7.1346498,1.4914983973819176,4898547.0,0.9118942731277532,0.8546255506607929,0.8414096916299559,158172725248.0
188,IBM,0.9088383838383838,0.7727272727272727,264.94,5.04322,1.8518567527665,8259985.0,0.9217171717171716,0.9217171717171716,0.9318181818181818,249013223424.0
189,ICLR,0.9466029723991508,0.861995753715499,158.17,10.8642,2.05347661576744,1171858.0,0.9830148619957536,0.929936305732484,0.954352441613588,12116065280.0
190,IESC,0.8908704883227176,0.9936305732484076,747.49,5.20027,2.102223789374706,212700.0,0.7600849256900213,0.9384288747346072,0.9851380042462844,14892906496.0
191,ILMN,0.8593418259023354,0.8174097664543525,175.09,6.16019,1.5531479549395857,1702248.0,0.8535031847133758,0.8428874734607219,0.9193205944798302,26491115520.0
192,IMNM,0.8241379310344827,0.6206896551724138,23.61,9.865057,1.455299865512149,1273721.0,0.9827586206896552,0.8620689655172413,0.5818965517241379,2673841920.0
193,IMOS,0.8536121673003803,0.9581749049429658,63.39,8.730703,0.5526397624564888,99687.0,0.935361216730038,0.8212927756653993,0.714828897338403,2204127488.0
194,INCY,0.762225439247711,0.8329621380846325,113.75,5.7844334,2.3360785593021225,1621603.0,0.7177777777777777,0.7661469933184856,0.7977777777777778,22725220352.0
195,INFQ,0.833459595959596,0.2297979797979798,15.96,12.3153,2.896860501434586,14586788.0,0.9949494949494948,0.9772727272727272,0.601010101010101,3482422528.0
196,INOD,0.905367231638418,0.8926553672316384,109.04,9.411998,0.5464981207933978,1827633.0,0.9943502824858758,0.807909604519774,0.9265536723163842,3560740352.0
197,IQV,0.826710816777042,0.8940397350993378,203.2,5.16509,1.4272657770987365,1672947.0,0.7770419426048565,0.8123620309050773,0.9050772626931568,33914079232.0
198,IRDM,0.9373385012919896,0.6718346253229974,54.685,25.654875,3.950574552278982,2587493.0,1.0,0.9974160206718348,0.8552971576227391,5781721600.0
199,IRON,0.8405741153179905,0.9265033407572384,74.78,6.5849414,3.790241603608036,483809.0,0.8133333333333334,0.9020044543429844,0.7377777777777778,2856527872.0
200,IRTC,0.8999999999999999,0.9494949494949496,110.12,5.18674,1.613192088574838,512019.0,0.9292929292929292,0.8888888888888888,0.8434343434343434,3618808576.0
201,ISRG,0.8650862068965517,0.918103448275862,426.01,5.8725595,1.3037538592337303,2390047.0,0.875,0.7887931034482759,0.9547413793103448,150876913664.0
202,IX,0.5903100775193798,0.813953488372093,39.57,3.0200465,0.3369936767612786,366268.0,0.4263565891472868,0.8062015503875969,0.3875968992248062,42447060992.0
203,JBTM,0.6893442622950819,0.9672131147540984,132.665,3.9775822,0.3281453045458339,503274.0,0.7978142076502732,0.3989071038251366,0.8688524590163934,6907575808.0
204,JPM,0.6556497175141243,0.8248587570621468,329.74,3.237319,0.3350351256065527,8989738.0,0.6666666666666666,0.4350282485875706,0.9378531073446328,883541999616.0
205,KB,0.7800646551724139,0.961206896551724,109.35,6.59972,1.036014641335341,249704.0,0.9245689655172412,0.5517241379310345,0.8362068965517241,38785105920.0
206,KBH,0.9477707006369426,0.732484076433121,61.51,16.6509,3.637814094387755,1254400.0,1.0,0.9915074309978767,0.8874734607218684,3850525952.0
207,KD,0.7240437158469943,0.5027322404371585,12.17,5.1858287,0.5252240501535743,4016623.0,0.9016393442622952,0.7923497267759563,0.4043715846994535,2743692544.0
208,KEEL,0.6901129943502825,0.0734463276836158,5.955,5.2120156,0.6904918923166802,39460039.0,0.8983050847457628,0.903954802259887,0.2598870056497175,3595799808.0
209,KEN,0.7497252747252746,1.0,70.15,4.920731,0.7378476420798066,28945.0,0.6016483516483516,0.8873626373626373,0.6428571428571429,3655404032.0
210,KFY,0.908080808080808,0.9292929292929292,71.72,5.82855,1.788408379404516,480416.0,0.9646464646464646,0.914141414141414,0.7878787878787878,3721341952.0
211,KLAC,0.8761640798226165,0.656319290465632,301.71,8.376729,1.7305631037093354,11171974.0,0.9246119733924612,0.8514412416851441,0.9445676274944568,394116268032.0
212,KLIC,0.9305084745762712,0.943502824858757,121.525,5.2756996,1.1132691948937985,750460.0,0.9096045197740112,0.9661016949152542,0.8983050847457628,6359752704.0
213,KNSA,0.8426356589147287,0.8656330749354005,62.86,6.182432,1.4788630740512851,770358.0,0.813953488372093,0.9431524547803618,0.7054263565891473,4836323840.0
214,KNSL,0.834090909090909,0.9848484848484848,304.48,3.19608,1.853962378436585,297170.0,0.6565656565656566,0.9242424242424242,0.9116161616161615,7022167552.0
215,KOD,0.7761580381471389,0.7602179836512262,39.685,6.56552,0.6581570418098325,769795.0,0.9482288828337876,0.7002724795640327,0.6158038147138964,2483425536.0
216,KRMN,0.8577092511013216,0.6872246696035242,54.96,10.096156,1.378192635142066,2749218.0,0.9801762114537445,0.8171806167400881,0.7995594713656388,7283644928.0
217,KRYS,0.9088757396449704,0.9940828402366864,341.66,5.6560626,1.7594667590027702,288800.0,0.8757396449704142,0.8875739644970414,0.9615384615384616,10072053760.0
218,KTOS,0.8079295154185021,0.5947136563876652,53.04,6.3778586,1.5805969063590104,4742955.0,0.8612334801762115,0.8832599118942731,0.6894273127753304,9946059776.0
219,KYMR,0.964093137254902,0.875,113.56,13.707815,5.011084671604022,635833.0,0.982843137254902,0.9950980392156864,0.9215686274509804,9341170688.0
220,LAZ,0.7553672316384181,0.8022598870056498,45.69,3.6994944,0.5785157056476481,1516047.0,0.751412429378531,0.8418079096045198,0.5875706214689266,4497617920.0
221,LB,0.9091116173120728,0.8906605922551253,80.605,15.397287,1.2206396077666657,358970.0,0.9863325740318908,0.8633257403189066,0.8633257403189066,6207955968.0
222,LBRDA,0.892483660130719,0.9215686274509804,35.01,11.845681,1.3187211343289436,203962.0,0.9509803921568628,0.9509803921568628,0.673202614379085,5036582400.0
223,LBRDK,0.8449346405228757,0.630718954248366,35.0,11.714012,1.0155060634422035,1991608.0,0.9477124183006536,0.9052287581699346,0.6666666666666666,5022420480.0
224,LCII,0.905125284738041,0.9111617312072892,107.325,7.196358,6.217250296494192,397141.0,0.8724373576309795,0.9977220956719818,0.7972665148063781,2606409216.0
225,LDOS,0.8586393088552916,0.8315334773218143,108.84,5.59813,1.5933476077103674,1452019.0,0.8596112311015118,0.8920086393088553,0.8120950323974082,13690489856.0
226,LEU,0.7940191387559808,0.9043062200956936,176.075,8.300526,0.919083208191522,862355.0,0.8995215311004785,0.5980861244019139,0.8971291866028708,3463887104.0
227,LGND,0.9811868686868688,0.98989898989899,279.44,6.58732,9.781977449465606,234939.0,0.9823232323232324,1.0,0.941919191919192,5600273920.0
228,LIF,0.8535885167464115,0.8181818181818182,57.58,8.477769,1.706828149319454,846159.0,0.8875598086124402,0.901913875598086,0.7272727272727273,4665804800.0
229,LION,0.8789617486338799,0.5792349726775956,16.22,12.887491,2.0292947083520168,3340774.0,1.0,0.9836065573770492,0.6338797814207651,4714076672.0
230,LLY,0.8651541697599603,0.9732739420935412,1208.12,7.13228,2.396748076279692,3213175.0,0.8488888888888889,0.77728285077951,0.9933333333333332,1077330575360.0
231,LMAT,0.834090909090909,0.9621212121212122,91.95,3.76932,1.604330430869099,262191.0,0.7904040404040404,0.8863636363636364,0.7550505050505051,2101125504.0
232,LMND,0.7668956043956044,0.7472527472527473,69.6,6.994612,0.4830188726390461,1600836.0,0.8434065934065934,0.7197802197802198,0.7252747252747253,5346726912.0
233,LPLA,0.8042128603104213,0.9223946784922394,281.68,4.6204143,1.5124405140704986,999396.0,0.7361419068736141,0.7937915742793792,0.8824833702882483,22529572864.0
234,LPX,0.8585987261146497,0.7770700636942676,79.69,7.44237,1.6079669744999598,1146508.0,0.921443736730361,0.861995753715499,0.7834394904458599,5567532544.0
235,LRCX,0.8897435897435897,0.6794871794871795,401.82,7.2034574,1.639808535473692,10207635.0,0.9444444444444444,0.8504273504273504,0.967948717948718,502504456192.0
236,LUV,0.6980874316939891,0.6120218579234973,48.09,4.361975,0.3961483567807982,7170498.0,0.8306010928961749,0.6174863387978142,0.6502732240437158,23505129472.0
237,MAAS,0.9325757575757576,0.8813131313131313,21.24,18.9916,3.0999038641158005,219481.0,1.0,0.9797979797979798,0.7575757575757576,9391809536.0
238,MANE,0.9420382165605096,0.8980891719745223,117.29,13.2143,1.76469230547301,589237.0,0.9936305732484076,0.9002123142250531,0.9469214437367304,4900222464.0
239,MANH,0.7815412026726057,0.9398663697104676,137.85,7.8048043,1.564525451639026,664358.0,0.8888888888888888,0.5701559020044543,0.8844444444444445,8155840512.0
240,MATX,0.9041850220264316,0.9845814977973568,203.9,6.070852,1.8212674501143624,253580.0,0.8524229074889867,0.9273127753303964,0.9140969162995596,6170682368.0
241,MBLY,0.687984496124031,0.3178294573643411,9.975,4.6694717,0.4810930279591393,6551525.0,0.8294573643410853,0.9147286821705426,0.2286821705426356,8400806912.0
242,MCD,0.7936422413793104,0.8168103448275862,280.63,4.15693,1.642814270404923,4123527.0,0.6163793103448276,0.9030172413793104,0.9008620689655172,199389265920.0
243,MCO,0.6214689265536724,0.9830508474576272,468.03,3.0766861,0.2992538862471697,1050242.0,0.6271186440677966,0.3220338983050847,0.9548022598870056,81753808896.0
244,MDA,0.805621301775148,0.8520710059171598,38.96,3.69976,2.3248705350389485,965126.0,0.7514792899408284,0.9585798816568049,0.6094674556213018,5405737984.0
245,MEDP,0.864968152866242,0.9830148619957536,512.79,8.30235,1.2341556008235384,367196.0,0.9469214437367304,0.6794055201698513,0.9872611464968152,14645122048.0
246,META,0.954892601431981,0.7517899761336515,621.46,10.3268385,2.00608754626796,16598149.0,0.9713603818615753,0.9761336515513126,0.9904534606205252,1577528590336.0
247,MH,0.8027472527472527,0.6263736263736264,10.52,11.099367,1.1584018106731753,592045.0,0.9835164835164836,0.9505494505494504,0.3159340659340659,2012225280.0
248,MHK,0.8629511677282378,0.8577494692144374,119.09,9.59874,1.283007023891994,892098.0,0.9723991507430998,0.7197452229299363,0.9246284501061572,7258909696.0
249,MHO,0.8820594479830148,0.951167728237792,158.83,6.84831,1.549361914633788,238291.0,0.8874734607218684,0.8343949044585988,0.921443736730361,4092685312.0
250,MIAX,0.8104072398190045,0.6538461538461539,41.65,6.658137,0.9761367283210276,1825986.0,0.9524886877828054,0.8212669683257918,0.6210407239819005,4031247104.0
251,MIRM,0.7896493442217273,0.8975501113585747,123.77,5.533764,3.414427662186447,979937.0,0.6733333333333333,0.8641425389755011,0.8088888888888889,7547646464.0
252,MKSI,0.9411324786324786,0.8974358974358975,410.31,7.51795,1.8880715127555203,1182782.0,0.9508547008547008,0.9273504273504274,0.97008547008547,27714031616.0
253,MMYT,0.9048832271762208,0.7154989384288747,51.68,10.9727,2.229754349728716,1301403.0,0.9851380042462844,0.9554140127388536,0.7707006369426752,4902736384.0
254,MOD,0.5569767441860465,0.8914728682170543,296.075,3.6241813,0.1443431974891774,1133971.0,0.6589147286821705,0.1550387596899224,0.9147286821705426,15637434368.0
255,MOH,0.8567567567567568,0.8771498771498771,216.71,7.5911074,0.8632246703340278,1109608.0,0.9533169533169532,0.7076167076167076,0.9385749385749386,11290591232.0
256,MORN,0.8690118782479583,0.9576837416481068,154.65,9.0313015,2.249880250014604,513570.0,0.9444444444444444,0.7416481069042317,0.9155555555555556,5881032192.0
257,MPWR,0.8873614190687362,0.9933481152993348,1382.36,5.301002,1.8978436692012788,785130.0,0.7915742793791575,0.893569844789357,0.991130820399113,67915345920.0
258,MRCY,0.8770509977827051,0.8869179600886918,122.33,10.987117,1.4700209051098478,651037.0,0.9689578713968958,0.7804878048780488,0.8802660753880266,7345095168.0
259,MRNA,0.9047337278106508,0.6568047337278107,61.8,11.552342,1.83181870599151,6616479.0,0.9881656804733728,0.9053254437869822,0.8816568047337278,24521392128.0
260,MRVL,0.8966507177033494,0.5502392344497608,311.29,11.294242,1.2615891673599435,34943947.0,0.9617224880382776,0.8851674641148325,0.9760765550239234,272550952960.0
261,MSFT,0.8198453353130413,0.4988864142538975,372.97,5.7081356,4.925577906668231,36755416.0,0.7044444444444444,0.9443207126948776,0.9644444444444444,2770583420928.0
262,MSM,0.8520286396181385,0.9236276849642004,125.405,5.4266515,2.031123976241502,698529.0,0.7255369928400954,0.9785202863961814,0.8162291169451074,7001902080.0
263,MSTR,0.8847255369928402,0.4295942720763723,97.67,12.354765,1.110152920446514,20657800.0,0.9856801909307876,0.909307875894988,0.8926014319809069,34943250432.0
264,MT,0.8686651583710406,0.7126696832579186,63.135,6.538981,1.184516029628636,1908154.0,0.9479638009049772,0.9095022624434388,0.7364253393665159,47764107264.0
265,MTD,0.8363636363636364,0.9975429975429976,1245.565,3.5232508,1.250193696995079,191020.0,0.6633906633906634,0.8796068796068796,0.9828009828009828,25169879040.0
266,MTH,0.8729299363057325,0.8046709129511678,82.39,8.98148,1.5229967031420006,916327.0,0.9596602972399152,0.821656050955414,0.8450106157112527,5503706624.0
267,MTZ,0.874043062200957,0.9401913875598086,429.09,8.2877,1.41803845178347,1060601.0,0.8803827751196173,0.8014354066985646,0.9569377990430622,33906073600.0
268,MU,0.9224264705882352,0.6666666666666666,1211.32,15.592783,1.2991498714389424,51095566.0,0.9852941176470588,0.8897058823529411,0.9975490196078431,1366046670848.0
269,MUR,0.8238636363636364,0.6994949494949495,36.02,4.64847,1.8959726474779957,1886773.0,0.8888888888888888,0.9318181818181818,0.5833333333333334,5163451392.0
270,MWH,0.806517094017094,0.6217948717948718,36.84,6.9997087,1.6701455711818407,1418550.0,0.938034188034188,0.8675213675213675,0.561965811965812,7765446656.0
271,MXL,0.8537585421412301,0.6287015945330297,125.69,15.901747,0.9286320465680088,4951382.0,0.9886104783599088,0.7517084282460137,0.908883826879271,11255031808.0
272,NAVN,0.8613905325443786,0.5710059171597633,20.99,10.299521,2.0383080074502944,3960112.0,0.985207100591716,0.9289940828402368,0.6715976331360947,5338413056.0
273,NBIS,0.8480769230769231,0.7455621301775148,280.91,5.963786,1.3900007479839387,17166144.0,0.893491124260355,0.772189349112426,0.9526627218934912,71322542080.0
274,NESR,0.8541666666666666,0.6004901960784313,27.285,8.359807,2.2071998424910766,1970682.0,0.9632352941176472,0.9583333333333334,0.6078431372549019,2751617280.0
275,NKTR,0.8290874524714829,0.752851711026616,70.785,8.250504,0.539094790654397,1113422.0,0.9163498098859316,0.8136882129277566,0.7414448669201521,2391544320.0
276,NOC,0.9190064794816416,0.976241900647948,549.01,5.589,1.847146118236192,940964.0,0.857451403887689,0.9352051835853132,0.9697624190064796,77977796608.0
277,NOVT,0.8331695331695331,0.9238329238329238,159.08,4.657896,1.0325131251575568,456185.0,0.8427518427518428,0.7936117936117936,0.8402948402948403,5665364480.0
278,NP,0.8273127753303965,0.788546255506608,34.1,8.253963,1.3738031997035025,777072.0,0.9493392070484582,0.8127753303964758,0.6585903083700441,4717083648.0
279,NRIX,0.8771498771498771,0.5921375921375921,22.405,16.08809,2.126586438905977,1782924.0,0.9877149877149876,0.9533169533169532,0.6928746928746928,2316807424.0
280,NTES,0.7970341499628805,0.9086859688195992,123.71,7.742553,1.8350570404024893,885688.0,0.8822222222222222,0.6414253897550112,0.8644444444444445,79262908416.0
281,NTRA,0.9514861995753716,0.8853503184713376,259.97,10.7386,1.983735633502948,1481398.0,0.9808917197452228,0.9278131634819532,0.9745222929936306,37231702016.0
282,NVR,0.8112526539278132,1.0,6764.83,5.87301,1.1872289516973231,26748.0,0.8301486199575372,0.6305732484076433,1.0,18260252672.0
283,NXST,0.8451219512195123,0.9556541019955654,178.59,4.6037607,2.2924905245139997,408950.0,0.729490022172949,0.9445676274944568,0.8181818181818182,5453953536.0
284,NXT,0.8404328018223234,0.7175398633257403,119.425,7.920657,1.042307693754045,2659209.0,0.908883826879271,0.8109339407744874,0.8337129840546698,18174490624.0
285,OC,0.957535885167464,0.8708133971291866,156.05,15.2596,4.306064403276101,1138793.0,0.9736842105263158,0.9952153110047848,0.9066985645933014,12566445056.0
286,OCUL,0.8060650887573965,0.4763313609467455,9.64,7.8299866,2.434168804213218,2990968.0,0.9615384615384616,0.9644970414201184,0.4215976331360946,2110777856.0
287,OMAB,0.8868421052631579,0.9784688995215312,108.94,7.0453043,2.0093603560004247,84719.0,0.8301435406698564,0.9688995215311004,0.7966507177033493,5258661888.0
288,ONTO,0.9402077151335312,0.9287833827893176,384.13,9.298617,1.164592964320807,1158154.0,0.9554896142433236,0.9109792284866468,0.9703264094955488,19107997696.0
289,OPLN,0.7962180153427368,0.7839643652561247,42.9,8.22402,2.370724437414706,875645.0,0.9044444444444444,0.7706013363028953,0.6577777777777778,4545088000.0
290,OUST,0.921188630490956,0.5968992248062015,52.72,25.464067,2.043851600895509,4083933.0,0.9974160206718348,0.9767441860465116,0.8527131782945736,3356837888.0
291,PACS,0.7682492581602374,0.7329376854599406,43.135,7.999499,0.6778140040366403,869535.0,0.9198813056379822,0.7181008902077152,0.6083086053412463,6827079168.0
292,PANW,0.8223684210526316,0.7488038277511961,332.0,9.1387205,1.2252411920435948,8269966.0,0.9043062200956936,0.6913875598086124,0.944976076555024,270580006912.0
293,PAY,0.8311831229893591,0.7371937639198218,23.43,10.1551,3.6209460456217673,657537.0,0.9666666666666668,0.8819599109131403,0.5522222222222222,2947244288.0
294,PAYC,0.814647577092511,0.9030837004405288,133.96,6.5881653,1.1558498452274395,1004377.0,0.8832599118942731,0.6828193832599119,0.8810572687224669,6246166016.0
295,PAYP,0.786489898989899,0.5959595959595959,14.61,6.48688,1.4962435131618144,1275660.0,0.9797979797979798,0.851010101010101,0.4305555555555556,9889122304.0
296,PBF,0.8147286821705425,0.627906976744186,47.24,9.580147,1.005089269206879,3007308.0,0.9250645994832042,0.8010335917312662,0.7390180878552972,5588891648.0
297,PDD,0.8005966587112173,0.5417661097852029,82.47,8.114843,0.7639689395973429,8778637.0,0.9140811455847256,0.7589498806682577,0.8042959427207638,117387509760.0
298,PDFS,0.820620842572062,0.8292682926829268,70.79,7.387747,1.5021167719557391,758230.0,0.9002217294900222,0.7893569844789357,0.7317073170731707,2963815936.0
299,PENG,0.8230598669623058,0.647450110864745,76.01,11.878127,1.3360068063267276,2914935.0,0.9711751662971176,0.7228381374722838,0.8270509977827051,3995097600.0
300,PGR,0.7970959595959597,0.8535353535353535,215.69,4.00714,1.1925251804696204,2955068.0,0.8207070707070707,0.702020202020202,0.8939393939393939,125574717440.0
301,PHM,0.868895966029724,0.7813163481953291,135.71,7.23825,1.5514688342516307,1886462.0,0.9087048832271762,0.8386411889596603,0.8959660297239915,25850904576.0
302,PJT,0.8704751131221721,0.9570135746606336,163.19,4.66265,1.2817827653802745,404024.0,0.7986425339366516,0.9276018099547512,0.8529411764705882,6657842688.0
303,PKX,0.8506459948320413,0.9121447028423773,53.2,6.485192,1.5746849611389189,318056.0,0.834625322997416,0.9483204134366924,0.6770025839793282,16092101632.0
304,PLBL,0.8985245901639344,0.8950819672131147,10.355,19.297226,4.779547241882934,71208.0,1.0,0.99672131147541,0.5508196721311476,3793942016.0
305,PLMR,0.8810279633754021,0.9844097995545658,126.32,7.1962013,3.7574433420200335,252877.0,0.8533333333333334,0.8975501113585747,0.8488888888888889,3347969024.0
306,PLTR,0.845054945054945,0.3049450549450549,127.32,9.128312,0.6721535474641266,45180922.0,0.9505494505494504,0.8681318681318682,0.8901098901098901,305225760768.0
307,PODD,0.7813131313131313,0.8863636363636364,143.9,3.54752,1.2923374522630382,1404572.0,0.7474747474747475,0.7575757575757576,0.8295454545454546,9967185920.0
308,PRAX,0.9167735042735042,0.938034188034188,327.86,6.124161,1.897878063161242,452841.0,0.8824786324786325,0.9316239316239316,0.9401709401709402,9140334592.0
309,PRIM,0.9290870488322716,0.7282377919320594,92.69,9.11125,2.9206771251913266,1980904.0,0.9639065817409768,0.9851380042462844,0.8704883227176221,5028890112.0
310,PSNY,0.7785202863961813,0.9140811455847256,20.67,10.063894,0.6915929946711862,130986.0,0.9689737470167064,0.6873508353221957,0.5369928400954654,2994290688.0
311,PTC,0.804083885209713,0.8543046357615894,119.78,5.430858,1.3488273925104848,1681978.0,0.8035320088300221,0.7704194260485652,0.8388520971302428,13835283456.0
312,PTCT,0.9266272189349112,0.893491124260355,78.53,7.1789303,2.333316420750247,1340225.0,0.9437869822485208,0.9615384615384616,0.8520710059171598,6514011136.0
313,PTRN,0.8631656804733727,0.7603550295857988,20.45,6.677103,6.023203561950299,1139825.0,0.9230769230769232,0.9911242603550297,0.5857988165680473,4058690048.0
314,PVLA,0.9331722345953972,0.9933184855233852,148.21,8.817923,4.74812857593733,247138.0,0.9266666666666666,0.9376391982182628,0.9066666666666666,2125752960.0
315,QBTS,0.7881578947368422,0.1674641148325359,26.285,12.473252,1.2135897639801745,33223226.0,0.9808612440191388,0.8636363636363636,0.6291866028708134,9737151488.0
316,QCOM,0.8418918918918918,0.542997542997543,207.005,4.9056168,1.257963060630733,21382011.0,0.8673218673218673,0.8845208845208845,0.8722358722358723,218183270400.0
317,QLYS,0.8905466970387245,0.8656036446469249,138.96,8.29177,1.3387945950596514,836864.0,0.9202733485193622,0.8861047835990888,0.8587699316628702,4893755904.0
318,QTWO,0.8523098243009155,0.8151447661469933,47.91,8.78746,3.5835851860717955,802056.0,0.9244444444444444,0.8797327394209354,0.6966666666666667,2999186432.0
319,QURE,0.9718934911242604,0.7899408284023669,48.16,78.436455,11.208075110062063,1747196.0,1.0,1.0,0.9644970414201184,3037329920.0
320,RARE,0.8569526627218934,0.7307692307692307,26.91,8.289737,1.7432062803192208,1829079.0,0.9674556213017752,0.8816568047337278,0.6834319526627219,2650344960.0
321,RBLX,0.841343669250646,0.4599483204134367,54.64,14.8895855,1.0858948403095074,11793188.0,0.979328165374677,0.8397932816537468,0.7932816537467701,39121080320.0
322,RBRK,0.8223484848484847,0.702020202020202,74.24,5.26017,1.302037475029273,3814967.0,0.9368686868686869,0.7676767676767676,0.7777777777777778,15280711680.0
323,RCL,0.751555023923445,0.8732057416267942,313.455,6.479714,0.9088319361406958,2712463.0,0.7822966507177034,0.583732057416268,0.930622009569378,84067049472.0
324,RDDT,0.933259911894273,0.7775330396475771,197.42,13.734299,1.6996972168461155,4822263.0,0.9889867841409692,0.9052863436123348,0.9625550660792952,38005133312.0
325,RDNT,0.8643665158371041,0.8235294117647058,69.44,5.8213954,1.1731532781683682,877731.0,0.9117647058823528,0.9049773755656108,0.7307692307692307,5460361728.0
326,RGC,0.899448123620309,0.8189845474613686,8.03,31.855494,16.80043788571315,151181.0,0.9977924944812362,1.0,0.5916114790286976,3970745600.0
327,RGEN,0.8550955414012738,0.8450106157112527,138.4,9.51966,1.2547914204577133,1094091.0,0.970276008492569,0.6963906581740976,0.9363057324840764,7806831104.0
328,RHP,0.8246284501061572,0.9044585987261148,129.77,4.45947,2.5278803039441167,595241.0,0.673036093418259,0.9745222929936306,0.7876857749469215,8189690368.0
329,RIVN,0.8134426229508196,0.160655737704918,18.805,9.458673,1.366963455477841,29707544.0,0.9868852459016394,0.980327868852459,0.5442622950819672,25252603904.0
330,RKLB,0.8704134366925065,0.4237726098191214,97.33,15.128934,1.2200042955478114,27474959.0,0.9819121447028424,0.8863049095607235,0.8708010335917312,60813611008.0
331,ROAD,0.7650717703349281,0.9114832535885168,120.43,5.7609534,1.1307807478233247,560373.0,0.6913875598086124,0.7870813397129187,0.7822966507177034,6808479232.0
332,ROKU,0.671311475409836,0.8579234972677595,138.8,-1.4904124,1.8177301118715383,3064944.0,0.3224043715846995,0.9726775956284152,0.6612021857923497,20589891584.0
333,RRX,0.9266075388026608,0.8957871396895787,238.19,8.49998,2.2440976246324014,1082022.0,0.9312638580931264,0.9356984478935698,0.917960088691796,15856206848.0
334,RUN,0.8188959660297239,0.2377919320594479,14.42,12.5683,5.76873209396508,9117387.0,0.9915074309978767,1.0,0.4904458598726114,3439880704.0
335,RVMD,0.8725490196078431,0.7745098039215687,179.14,5.450903,1.2319982523976007,3222701.0,0.9044117647058824,0.8700980392156863,0.8700980392156863,38084530176.0
336,RVTY,0.8743872549019608,0.8259803921568627,112.635,6.631644,1.172184541612459,1311314.0,0.928921568627451,0.8529411764705882,0.8406862745098039,12565535744.0
337,RYTM,0.9227810650887572,0.9437869822485208,95.83,6.8100767,2.151561194067088,801630.0,0.9319526627218936,0.9378698224852072,0.8698224852071006,6573322752.0
338,SAIL,0.6031007751937985,0.4341085271317829,14.68,3.3075318,0.4088050519474495,3988165.0,0.5891472868217055,0.8682170542635659,0.2480620155038759,8326246400.0
339,SATS,0.6609289617486339,0.73224043715847,118.63,0.6483326,1.0016537829511925,8084495.0,0.4699453551912568,0.9562841530054644,0.4426229508196721,34380574720.0
340,SE,0.8556291390728477,0.7328918322295805,102.33,6.78284,1.5362050087814163,4015867.0,0.8962472406181016,0.8520971302428256,0.8520971302428256,62675546112.0
341,SEI,0.7640532544378698,0.8284023668639053,81.28,6.7367,1.089945480303029,2412706.0,0.9260355029585798,0.5384615384615384,0.8431952662721893,7592133632.0
342,SEZL,0.8843301435406699,0.9090909090909092,145.81,9.879428,1.1564025231849924,681044.0,0.9473684210526316,0.8110047846889952,0.8899521531100478,4903155712.0
343,SHAK,0.6802259887005649,0.7966101694915254,61.29,4.948629,0.329348030490236,2079223.0,0.8757062146892656,0.423728813559322,0.7288135593220338,2622079488.0
344,SHOP,0.8363057324840764,0.5180467091295117,114.17,6.02712,1.9227232127378096,10238495.0,0.8428874734607219,0.9193205944798302,0.8386411889596603,148153237504.0
345,SII,0.8452153110047845,0.9688995215311004,128.01,7.757415,1.1327402755974183,194922.0,0.8660287081339713,0.7894736842105263,0.8444976076555024,3300428032.0
346,SIMO,0.8803827751196172,0.9330143540669856,331.94,8.732967,1.4526586270098314,1007174.0,0.8947368421052632,0.8181818181818182,0.937799043062201,11255366656.0
347,SKE,0.7852870813397129,0.7751196172248804,29.915,6.421203,1.6187730564655898,736236.0,0.7799043062200957,0.9401913875598086,0.5287081339712919,3711984384.0
348,SKWD,0.8606310319227912,0.9175946547884188,59.19,6.84115,7.008103033944128,399480.0,0.8266666666666667,0.977728285077951,0.6866666666666666,2399744000.0
349,SLBT,0.8126077586206896,0.5021551724137931,5.99,34.606743,1.6176308415630054,709121.0,1.0,0.8987068965517241,0.4892241379310345,3358950656.0
350,SLDE,0.8425339366515836,0.5859728506787331,21.725,8.679343,1.6111313101875495,1413706.0,0.9796380090497736,0.9615384615384616,0.5226244343891403,2488799744.0
351,SLS,0.8557416267942584,0.3110047846889952,15.45,24.697332,4.10176359538144,7788748.0,0.9952153110047848,0.9904306220095692,0.6483253588516746,3037973248.0
352,SMMT,0.7262295081967213,0.3049180327868852,15.23,5.910983,0.5551217297120248,5373380.0,0.9147540983606556,0.8688524590163934,0.3573770491803278,11820956672.0
353,SNDK,0.8524509803921568,0.8627450980392157,2279.395,18.63106,0.7706576902034745,14187622.0,0.9901960784313726,0.6274509803921569,1.0,337555062784.0
354,SNN,0.7832786885245901,0.6491803278688525,30.17,5.0121846,0.6675786367790023,1271606.0,0.8459016393442623,0.918032786885246,0.5049180327868853,12747371520.0
355,SNOW,0.8922509279881218,0.6904231625835189,248.96,9.64503,2.9450491241852275,8640754.0,0.96,0.8396436525612472,0.9666666666666668,86289539072.0
356,SPGI,0.9391832229580572,0.93598233995585,414.97,7.72566,1.865143682820056,2096980.0,0.9315673289183224,0.9293598233995584,0.9713024282560706,122831118336.0
357,SRRK,0.8082070707070707,0.7904040404040404,51.27,4.22851,1.5417322978928236,1418913.0,0.8535353535353535,0.8661616161616161,0.6363636363636364,6143598592.0
358,SSRM,0.8153005464480875,0.6666666666666666,31.31,8.189353,0.5093495325083717,3332680.0,0.9781420765027322,0.7704918032786885,0.6830601092896175,6496545280.0
359,STEP,0.7692583732057415,0.7870813397129187,47.0,5.879704,1.4004199514020896,1051074.0,0.7129186602870813,0.9114832535885168,0.6100478468899522,5923696640.0
360,STX,0.8868217054263565,0.9328165374677002,976.6117,8.524466,1.0115708498980274,4256040.0,0.8940568475452196,0.8062015503875969,0.992248062015504,220960456704.0
361,SVM,0.5631782945736434,0.4031007751937984,12.6303,3.695612,0.2685724882697775,4006531.0,0.6666666666666666,0.689922480620155,0.2403100775193798,2793854208.0
362,SXI,0.8615196078431372,0.9877450980392156,336.3,5.807951,0.893484578128983,196150.0,0.909313725490196,0.7279411764705882,0.9485294117647058,4074248192.0
363,SYNA,0.8547835990888383,0.835990888382688,124.83,6.346912,1.4389383792113717,1014901.0,0.8382687927107062,0.9043280182232346,0.806378132118451,4876193792.0
364,SYRE,0.7963017751479289,0.9053254437869822,87.49,4.891493,1.2823590970122054,1171533.0,0.8609467455621301,0.6923076923076923,0.8106508875739645,7597741056.0
365,TARS,0.8673491379310345,0.8512931034482759,65.44,7.4724965,1.4294405997693196,728280.0,0.9504310344827588,0.8448275862068966,0.7693965517241379,2815488000.0
366,TECH,0.9449754901960784,0.6813725490196079,70.55,19.830153,16.632736449330128,2732245.0,0.9950980392156864,0.9975490196078431,0.8970588235294118,11045925888.0
367,TEM,0.8447368421052631,0.5454545454545454,52.54,9.87035,1.393155182646229,6020409.0,0.944976076555024,0.9066985645933014,0.7105263157894737,9434333184.0
368,TENB,0.8314855875831485,0.4966740576496674,36.88,10.122422,1.9839861986986456,3541695.0,0.9578713968957872,0.9046563192904656,0.6496674057649667,4066830592.0
369,TER,0.9201923076923076,0.7970085470085471,471.96,10.474942,1.688214655714562,3949804.0,0.97008547008547,0.8696581196581197,0.9829059829059827,73881632768.0
370,TEX,0.8147435897435897,0.7307692307692307,74.58,6.39087,1.4529246983729314,1219801.0,0.908119658119658,0.8055555555555556,0.7094017094017094,8518272512.0
371,THC,0.8852861035422342,0.885558583106267,207.7,8.629707,0.7156315946608198,1470413.0,0.9782016348773842,0.7656675749318801,0.9318801089918256,17890654208.0
372,TLN,0.962994350282486,0.9887005649717514,414.095,7.220168,0.932414397767031,720834.0,0.96045197740113,0.943502824858757,0.9887005649717514,18922074112.0
373,TRU,0.7834773218142548,0.7170626349892009,78.31,5.15643,1.3584503127732332,2354901.0,0.8185745140388769,0.7991360691144709,0.7278617710583153,15098167296.0
374,TRVI,0.7955621301775148,0.6834319526627219,16.37,6.29871,1.7366966146158314,1482461.0,0.9112426035502958,0.8757396449704142,0.5088757396449705,2324208128.0
375,TTAN,0.914950259836674,0.799554565701559,69.2,9.148257,8.569526224155688,1299222.0,0.9466666666666668,0.9933184855233852,0.78,6601511936.0
376,TW,0.8842572062084257,0.7782705099778271,99.66,8.208474,2.04866891947581,1650088.0,0.9223946784922394,0.917960088691796,0.811529933481153,21728473088.0
377,TWST,0.8956284153005464,0.8907103825136612,85.815,6.219831,0.6578230105130305,1489580.0,0.9398907103825136,0.8743169398907104,0.8579234972677595,5343812608.0
378,TXG,0.8407894736842104,0.5956937799043063,32.105,11.321079,1.3185455480788304,2752542.0,0.9641148325358851,0.8947368421052632,0.65311004784689,4075928576.0
379,UAL,0.8406581740976644,0.6072186836518046,130.54,7.39612,1.4823660582088765,6787762.0,0.9150743099787686,0.802547770700637,0.8938428874734607,42369331200.0
380,UCTT,0.88980044345898,0.844789356984479,142.59,9.097169,1.7362517130480892,1161672.0,0.9467849223946784,0.8536585365853658,0.8758314855875832,6392074752.0
381,UHS,0.8186648501362398,0.8991825613079019,161.25,7.0859327,0.5867948136510147,987824.0,0.9645776566757494,0.6021798365122616,0.9019073569482288,9761486848.0
382,UTI,0.8224061810154525,0.8057395143487859,47.02,9.93687,1.2411683438068104,1035791.0,0.977924944812362,0.7064017660044151,0.7615894039735099,2588986112.0
383,VCEL,0.8372098490472656,0.8418708240534521,46.23,7.7622333,3.6645819607843135,637500.0,0.8866666666666667,0.8864142538975501,0.6622222222222223,2360884224.0
384,VCYT,0.8330601092896175,0.8688524590163934,51.6928,5.1735444,0.5848764856219638,1045101.0,0.8961748633879781,0.8360655737704918,0.6994535519125683,4124705280.0
385,VECO,0.8827751196172249,0.8205741626794258,83.56,7.847178,2.1075326495922644,1446649.0,0.8732057416267942,0.9784688995215312,0.7631578947368421,5099957760.0
386,VEEV,0.8025513486760703,0.8062360801781737,171.36,8.40081,1.7759258388325634,3104374.0,0.9155555555555556,0.621380846325167,0.92,27836282880.0
387,VERX,0.7883259911894273,0.5462555066079295,12.52,9.059241,1.6578394037340265,1520932.0,0.9647577092511012,0.8986784140969163,0.4074889867841409,2025948032.0
388,VICR,0.8701550387596898,0.9612403100775194,368.035,12.573031,0.8647566110374798,887304.0,0.9612403100775194,0.6950904392764858,0.9715762273901808,16775554048.0
389,VKTX,0.8906565656565656,0.6666666666666666,34.81,7.53785,2.8319495577919818,2193877.0,0.98989898989899,0.9747474747474748,0.6818181818181818,4041637376.0
390,VMI,0.9059322033898304,1.0,568.885,5.228259,0.5753676308235813,226450.0,0.903954802259887,0.8305084745762712,0.9943502824858758,11044135936.0
391,VOYG,0.7945054945054945,0.5851648351648352,35.42,9.829452,0.5198523428124086,2360603.0,0.9642857142857144,0.7774725274725275,0.6318681318681318,2099065216.0
392,VPG,0.8480637813211844,0.9225512528473804,150.71,6.066585,1.2041304025929156,486248.0,0.8246013667425968,0.8610478359908884,0.8291571753986332,2004593792.0
393,VRNS,0.8912878787878789,0.6616161616161617,35.03,7.09263,4.327816286927057,2230783.0,0.9873737373737372,0.98989898989899,0.6654040404040404,4114193664.0
394,VRT,0.723764258555133,0.7224334600760456,330.04,7.5153947,0.3210996507716268,6127509.0,0.9011406844106464,0.4410646387832699,0.908745247148289,126771273728.0
395,VRTX,0.8685745140388769,0.9503239740820736,528.04,6.029993,1.303398477423227,1412868.0,0.8941684665226782,0.7580993520518359,0.976241900647948,134019407872.0
396,VSAT,0.9301552106430157,0.7006651884700665,89.81,17.10783,2.643165467625899,2294890.0,0.9889135254988912,0.9578713968957872,0.893569844789357,12265257984.0
397,VSH,0.7960526315789473,0.6172248803827751,63.52,6.9720435,1.2525535650539763,5011523.0,0.8253588516746412,0.8803827751196173,0.6866028708133971,8645441536.0
398,VST,0.665891472868217,0.6976744186046512,159.31,3.771491,0.2265719748112463,4629050.0,0.6821705426356589,0.5736434108527132,0.7829457364341085,53716537344.0
399,W,0.8280254777070063,0.6263269639065817,92.79,9.35769,1.2825915743417509,4066887.0,0.9681528662420382,0.7176220806794055,0.8768577494692145,12247955456.0
400,WAY,0.8516198704103671,0.5118790496760259,23.46,9.4727,2.5304607656941487,2696403.0,0.978401727861771,0.9827213822894167,0.5701943844492441,4499930112.0
401,WCN,0.8323232323232324,0.8787878787878788,159.44,3.9171,1.437992859285348,1653616.0,0.8055555555555556,0.8308080808080808,0.8585858585858586,40510660608.0
402,WDAY,0.8110014847809949,0.6681514476614699,124.21,9.176411,1.9697627341831607,5194385.0,0.9488888888888888,0.6681514476614699,0.8911111111111111,30676574208.0
403,WDC,0.937596899224806,0.7829457364341085,703.62,7.664524,0.6915254895535924,7776166.0,0.9302325581395348,0.9534883720930232,1.0,242525241344.0
404,WDFC,0.90828025477707,0.9808917197452228,244.08,7.43431,1.5660236970564694,177406.0,0.9193205944798302,0.8471337579617835,0.9596602972399152,3284194560.0
405,WLY,0.7943942093541203,0.89086859688196,48.19,5.7726,6.266218510530904,435860.0,0.7133333333333334,0.9665924276169264,0.5866666666666667,2446141440.0
406,WMS,0.6274011299435027,0.9378531073446328,141.855,3.702758,0.2908272332365544,948209.0,0.7570621468926554,0.2768361581920904,0.8587570621468926,10865484800.0
407,WOLF,0.8605263157894736,0.5239234449760766,49.5,14.7427,1.237500365805546,6390007.0,0.9952153110047848,0.8708133971291866,0.7751196172248804,2572619008.0
408,WPM,0.7649521531100478,0.8110047846889952,123.78,6.6149874,1.0184017802216954,2306679.0,0.7942583732057417,0.6961722488038278,0.8110047846889952,56211603456.0
409,WTM,0.786853448275862,1.0,2173.81,5.31821,1.043715578284815,20336.0,0.8297413793103449,0.5625,0.9978448275862069,5383810048.0
410,WTS,0.9052391799544418,0.9772209567198178,392.355,9.312407,1.058582892319289,382074.0,0.938496583143508,0.8154897494305239,0.9681093394077448,13101082624.0
411,WWD,0.7426229508196721,0.9836065573770492,415.62,3.2569556,0.3960013711752408,738053.0,0.6885245901639344,0.6120218579234973,0.9453551912568308,24763828224.0
412,XE,0.7124293785310735,0.5141242937853108,22.715,7.654027,0.3802604176598785,7026866.0,0.9661016949152542,0.5932203389830508,0.576271186440678,6529625088.0
413,XENE,0.76815713932195,0.7928730512249443,59.74,5.213108,6.896864007054655,1147611.0,0.6333333333333333,0.975501113585746,0.6288888888888889,5774800384.0
414,XMTR,0.7610946745562129,0.9349112426035504,88.86,3.349613,1.372529210174591,858177.0,0.7130177514792899,0.7633136094674556,0.7544378698224852,4909146624.0
415,XNDU,0.8044258373205742,0.361244019138756,13.955,18.36302,1.2246321580224344,5154863.0,1.0,0.868421052631579,0.5717703349282297,4165725440.0
416,XYZ,0.7833732057416267,0.6220095693779905,74.245,6.796614,1.1901955089907414,5777944.0,0.8110047846889952,0.8421052631578947,0.7129186602870813,44189212672.0
417,ZETA,0.7787878787878788,0.3383838383838384,19.51,5.63076,1.7007349162997891,8668198.0,0.9545454545454546,0.904040404040404,0.4722222222222222,4863015936.0
