symbol,HotScore,TrendScore,regularMarketPrice,VolatilityScore
LAD,0.99525,0.9975,427.48,0.995
WDFC,0.9947368421052633,1.0,267.6797,0.9941520467836256
HURN,0.994375,0.985,170.37,0.9925
DELL,0.9906148867313916,0.9352750809061487,492.2,0.9967637540453076
PAG,0.9888418079096044,0.9774011299435028,214.57,0.980225988700565
ANF,0.9887724550898204,0.9101796407185628,147.75,0.994011976047904
MEDP,0.9875598086124402,0.985645933014354,608.54,0.9952153110047848
ARGX,0.9875565610859728,0.986425339366516,991.55,1.0
MANH,0.987125,0.95,204.02,0.9825
ATKR,0.9870412844036696,0.9518348623853212,93.41,0.963302752293578
CRNX,0.986436170212766,0.8856382978723404,83.53,0.9893617021276596
VEEV,0.9853246753246752,0.9194805194805196,282.13,0.9896103896103896
ESTC,0.9842657342657342,0.9265734265734266,99.91,0.9825174825174824
WAB,0.9836158192090396,0.9463276836158192,290.0,0.9943502824858758
UFPT,0.9831536388140162,1.0,329.86,0.9865229110512128
DPC,0.982843137254902,1.0,45.785,0.9142156862745098
GRMN,0.98275,0.9575,294.83,0.9875
AYI,0.9817401960784312,0.965686274509804,363.66,0.9901960784313726
LGND,0.9811868686868688,0.98989898989899,279.44,0.941919191919192
THC,0.980844155844156,0.9188311688311688,243.03,0.9902597402597404
BNTX,0.9805929919137466,0.8814016172506739,112.45,0.981132075471698
ITRI,0.9803564594609372,0.8717948717948718,106.72,0.9658848614072496
OKTA,0.98,0.8155844155844156,172.91,0.9922077922077922
FRHC,0.9794052863436122,0.9911894273127754,157.11,0.9669603524229076
TWLO,0.9788834951456312,0.9174757281553398,240.53,0.9951456310679612
PRK,0.9779980617471964,0.9935483870967742,206.97,0.94206008583691
ITGR,0.9776422764227642,0.9322493224932248,121.21,0.964769647696477
SEB,0.977346278317152,1.0,4123.38,1.0
ZBRA,0.9764434180138568,0.9630484988452656,368.83,0.9976905311778292
MKTX,0.9761658031088082,0.9015544041450776,162.6405,0.9300518134715026
CACI,0.9761506989430616,1.0,628.79,0.9976190476190476
OBX,0.9753640776699029,1.0,35.0,0.8980582524271845
DORM,0.9749417249417248,0.9673659673659674,150.8,0.9277389277389276
BLK,0.9747422680412372,0.9896907216494846,1106.67,0.993127147766323
ENVA,0.9743506493506492,0.9935064935064936,236.57,0.9772727272727272
JBHT,0.9740425531914894,0.9319148936170212,298.41,0.9787234042553192
IESC,0.973148148148148,0.9907407407407408,754.61,1.0
DLR,0.973051948051948,0.8246753246753247,204.235,0.987012987012987
SNPS,0.9727272727272728,0.9636363636363636,464.89,1.0
PAYC,0.9726954767587226,0.9379474940334128,215.97,0.9738095238095238
ANDG,0.972682119205298,0.9701986754966888,50.32,0.9072847682119204
ABVX,0.9726164079822616,0.8004434589800443,133.26,0.9822616407982262
AWI,0.9722016913809082,0.9518072289156626,184.46,0.9567307692307692
CLS,0.9720651622133,0.8688172043010752,350.2,0.9785407725321889
QURE,0.9718934911242604,0.7899408284023669,48.16,0.9644970414201184
TSEM,0.9714545454545456,0.8727272727272727,260.42,0.9781818181818182
AVAV,0.9713968957871396,0.8492239467849224,165.07,0.9556541019955654
IQV,0.970467032967033,0.8379120879120879,241.41,0.9862637362637364
MRNA,0.9701149425287356,0.7057471264367816,174.38,0.9977011494252872
TRV,0.969378698224852,0.9674556213017752,368.98,0.9822485207100592
RDDT,0.9675977653631284,0.7905027932960894,178.09,0.9720670391061452
URI,0.9672248803827752,0.9904306220095692,1142.09,1.0
VAC,0.9672150244345948,0.9451073985680192,124.75,0.9595238095238096
AEHR,0.9668304668304668,0.7813267813267813,87.79,0.9606879606879608
DGX,0.9668195718654434,0.9418960244648318,227.9,0.9541284403669724
ALMR,0.966576819407008,0.9002695417789758,36.57,0.9110512129380054
TEAM,0.9663834951456312,0.7475728155339806,149.16,0.9878640776699028
MATX,0.966219512195122,0.975609756097561,226.41,0.9585365853658536
IMOS,0.965511307018079,0.9729119638826184,72.53,0.8963963963963963
NDSN,0.9653973509933776,0.9933774834437086,334.7,0.9867549668874172
PENG,0.965296052631579,0.7598684210526315,78.31,0.9638157894736842
LITE,0.9652605459057072,0.8957816377171216,932.47,1.0
NTRA,0.9652019002375296,0.9596199524940616,322.1,1.0
MTRN,0.9649333333333332,0.9813333333333332,297.28,0.9973333333333332
ASND,0.9648648648648648,0.9287469287469288,260.47,0.9631449631449632
HTFL,0.964804469273743,0.7653631284916201,42.08,0.9413407821229052
KNSA,0.96477434257285,0.8290598290598291,78.805,0.9317697228144988
KB,0.9643730886850154,0.9847094801223242,123.19,0.963302752293578
SOLS,0.9643356643356644,0.8531468531468531,63.53,0.9195804195804196
KYMR,0.964093137254902,0.875,113.56,0.9215686274509804
ARWR,0.9639830508474576,0.8163841807909604,88.7,0.9661016949152542
NVS,0.963915857605178,0.948220064724919,161.25,0.941747572815534
TMO,0.963677130044843,0.9147982062780268,576.51,0.9865470852017936
HAE,0.9632307692307692,0.9415384615384615,104.65,0.926153846153846
WDAY,0.9630580357142858,0.7901785714285714,206.45,0.9866071428571428
TLN,0.962994350282486,0.9887005649717514,414.095,0.9887005649717514
JXN,0.9628654970760234,0.9239766081871345,120.37,0.9649122807017544
AMLX,0.9627692307692308,0.7815384615384615,35.11,0.9230769230769232
CAKE,0.962625,0.865,101.14,0.9375
MANE,0.9625429553264604,0.8934707903780069,126.3575,0.9621993127147768
CBRS,0.9624620060790274,0.790273556231003,251.285,0.9756838905775076
PRAX,0.9624463007159904,0.9832935560859188,370.16,0.9833333333333332
SMTC,0.9622754491017964,0.8293413173652695,140.8,0.9491017964071856
LASR,0.9620224719101124,0.7910112359550562,74.71,0.946067415730337
ABNB,0.961995249406176,0.8052256532066508,178.07,0.973871733966746
HALO,0.9617577197149644,0.8242280285035629,103.12,0.9548693586698336
DE,0.961138613861386,0.9752475247524752,631.89,1.0
AMBA,0.9610478359908884,0.7835990888382688,86.4897,0.929384965831435
GPC,0.9610151187904968,0.8358531317494601,132.57,0.9287257019438444
GH,0.9605726872246696,0.8370044052863436,170.77,0.9537444933920703
META,0.9605504587155964,0.8685015290519877,669.21,0.9969418960244648
AMR,0.9604597701149424,0.9839080459770116,194.42,0.9793103448275862
TRGP,0.960062893081761,0.9308176100628932,297.7,0.9559748427672956
TWST,0.9598958333333332,0.8177083333333334,136.575,0.9817708333333334
SITM,0.9595525059665873,0.9880668257756564,687.5,1.0
LMT,0.9590214067278288,0.963302752293578,568.59,0.9847094801223242
CBZ,0.959,0.85,54.9,0.8875
URBN,0.9589820359281436,0.8862275449101796,82.95,0.9041916167664672
GTLB,0.9588996763754044,0.7249190938511327,49.59,0.9433656957928802
SEPN,0.9586253369272236,0.889487870619946,47.76,0.9191374663072776
ALLE,0.9583732057416268,0.8851674641148325,155.305,0.9330143540669856
HONA,0.9582073434125268,0.8747300215982722,247.15,0.9481641468682506
WEX,0.958103975535168,0.9480122324159022,171.47,0.944954128440367
NBTX,0.9577507598784194,0.9483282674772036,43.7739,0.8358662613981763
OC,0.957535885167464,0.8708133971291866,156.05,0.9066985645933014
FSLR,0.957361963190184,0.8343558282208589,238.14,0.9877300613496932
GS,0.957311320754717,0.9693396226415094,1141.74,1.0
BWXT,0.9572815533980584,0.9773462783171522,161.54,0.9449838187702264
SXT,0.9571596244131456,0.9342723004694836,126.79,0.9131455399061033
PVLA,0.9564784053156146,0.9667774086378738,142.82,0.9269102990033222
MAN,0.9563876651982378,0.711453744493392,51.96,0.933920704845815
FCNCA,0.9561162079510702,1.0,2212.77,1.0
VRSN,0.9561032863849764,0.9507042253521126,280.0,0.9694835680751174
ONTO,0.956079027355623,0.8996960486322189,326.09,0.9635258358662614
EAT,0.9557071960297766,0.9305210918114144,245.89,0.9652605459057072
SIMO,0.9550469483568076,0.9248826291079812,255.1,0.9483568075117372
W,0.9549653579676676,0.7321016166281755,116.08,0.9491916859122402
CRWD,0.9544155844155844,0.7272727272727273,227.96,0.9948051948051948
CORT,0.9538732394366196,0.8450704225352113,118.32,0.892018779342723
COIN,0.9537974683544304,0.7130801687763713,188.8,0.978902953586498
ERIE,0.9536170212765958,0.9765957446808512,225.94,0.951063829787234
KARO,0.95352422907489,0.9647577092511012,65.0,0.8237885462555066
ATRO,0.9534739454094292,0.858560794044665,87.89,0.9205955334987592
RNG,0.953399433427762,0.6912181303116147,49.16,0.9263456090651558
TBBB,0.9527083333333332,0.875,49.5327,0.8625
NBIS,0.952605459057072,0.6054590570719603,259.2,0.9950372208436724
AGIO,0.9523936170212766,0.8351063829787234,44.01,0.8909574468085106
SHOP,0.9521489971346704,0.6590257879656161,146.2751,0.97134670487106
WIX,0.9521205357142856,0.8169642857142857,80.06,0.9419642857142856
ALNY,0.9520900321543408,0.8971061093247589,266.3525,0.9807073954983924
EIX,0.9519933554817276,0.8239202657807309,59.07,0.8770764119601329
BBIO,0.9516853932584268,0.701123595505618,90.17,0.9235955056179777
CLH,0.9516169154228856,0.9751243781094528,329.0,0.9751243781094528
PTGX,0.9514627659574468,0.9707446808510638,140.85,0.925531914893617
ROAD,0.9514251781472683,0.9334916864608076,119.74,0.9691211401425178
RGEN,0.9513736263736264,0.804945054945055,151.5,0.9697802197802198
CHRN,0.9512285012285012,0.8796068796068796,29.63,0.8722358722358723
DOO,0.950923076923077,0.966153846153846,68.58,0.8307692307692308
PKG,0.950469483568075,0.9577464788732394,254.39,0.9788732394366196
HUT,0.9501479289940828,0.8195266272189349,100.92,0.9497041420118344
SNDK,0.9498470948012232,0.7767584097859327,1236.181,1.0
FCFS,0.9496763754045308,0.9935275080906149,236.43,0.9611650485436892
EL,0.9495956873315364,0.7008086253369272,98.965,0.935309973045822
CDNA,0.9489384288747346,0.7154989384288747,40.34,0.8980891719745223
FERG,0.9484662576687116,0.9079754601226994,253.87,0.9601226993865032
FRPT,0.9484,0.792,71.47,0.9066666666666666
MSA,0.9483739837398374,0.962059620596206,190.27,0.94579945799458
AIR,0.948050139275766,0.958217270194986,153.71,0.9025069637883008
XENE,0.947945205479452,0.8410958904109589,69.95,0.8767123287671232
AMAT,0.9478632478632478,0.7713675213675214,668.0,0.9957264957264956
KBH,0.9477707006369426,0.732484076433121,61.51,0.8874734607218684
QLYS,0.9475378787878788,0.9242424242424242,188.47,0.981060606060606
STX,0.946808510638298,0.953900709219858,803.075,0.9929078014184396
NSC,0.9466367713004484,0.9327354260089686,353.3451,0.9551569506726456
FTAI,0.9466101694915254,0.9265536723163842,222.49,0.9576271186440678
ICLR,0.9466029723991508,0.861995753715499,158.17,0.954352441613588
INSM,0.9465592680986477,0.7326968973747017,132.55,0.9666666666666668
AGX,0.946496815286624,1.0,602.18,1.0
INCY,0.946095529677619,0.7927350427350427,132.14,0.9125799573560768
BELFB,0.946055979643766,0.979643765903308,288.08,0.9720101781170484
NXST,0.9460481099656356,0.9415807560137456,187.765,0.9278350515463918
IT,0.945727482678984,0.8822170900692841,185.79,0.9653579676674364
WPM,0.9452164009111618,0.8405466970387244,147.41,0.929384965831435
DUOL,0.9450549450549448,0.9505494505494504,157.085,0.9615384615384616
TECH,0.9449754901960784,0.6813725490196079,70.55,0.8970588235294118
SII,0.944,0.9733333333333334,115.665,0.92
LIFE,0.9435064935064936,0.9090909090909092,36.985,0.8008658008658008
COHR,0.941978056147832,0.817910447761194,388.88,0.9940476190476192
SION,0.9417808219178082,0.9383561643835616,49.49,0.8595890410958904
VRTX,0.9416382252559728,0.9863481228668942,531.16,0.9897610921501706
EQIX,0.941396103896104,1.0,1102.8925,0.9967532467532468
FRVO,0.9412087912087912,0.6868131868131868,19.68,0.8626373626373627
MKSI,0.9411324786324786,0.8974358974358975,410.31,0.97008547008547
EME,0.940962441314554,0.9906103286384976,802.64,0.9929577464788732
ENLT,0.9409090909090908,0.9722222222222222,90.56,0.8333333333333334
BAH,0.9407467532467532,0.7337662337662337,75.6451,0.9448051948051948
ORKA,0.9406832298136644,0.8136645962732919,90.755,0.8944099378881988
SAP,0.9405099150141644,0.7677053824362606,159.79,0.9575070821529744
ANDE,0.9402912621359224,0.9805825242718448,70.92,0.9093851132686084
HUBS,0.93984375,0.9107142857142856,240.51,0.9821428571428572
BABA,0.9395209580838324,0.6526946107784432,108.585,0.934131736526946
SPGI,0.9391832229580572,0.93598233995585,414.97,0.9713024282560706
ICUI,0.9390476190476192,0.9857142857142858,184.56,0.9607142857142856
KNSL,0.9389610389610388,0.9967532467532468,353.445,0.9805194805194806
GKOS,0.9389303482587064,0.9054726368159204,162.57,0.9203980099502488
FOIL,0.9388646288209608,1.0,27.8782,0.6943231441048034
CHEF,0.9387626262626262,0.9166666666666666,111.69,0.9166666666666666
KALU,0.938755980861244,0.9617224880382776,183.905,0.9473684210526316
IMAX,0.9386850152905196,0.8256880733944955,43.96,0.8073394495412844
EZPW,0.938673139158576,0.86084142394822,35.05,0.8025889967637541
UCTT,0.938392857142857,0.9241071428571428,99.62,0.9017857142857144
BIIB,0.9381648936170212,0.9574468085106383,209.03,0.9308510638297872
NESR,0.938135593220339,0.6581920903954802,36.23,0.9011299435028248
BELFA,0.9379271070615034,0.9977220956719818,293.135,0.9339407744874716
WDC,0.937596899224806,0.7829457364341085,703.62,1.0
IRDM,0.9373385012919896,0.6718346253229974,54.685,0.8552971576227391
FIZZ,0.9372131147540984,0.8590163934426229,34.94,0.7967213114754098
WPP,0.9370831912717352,0.7828162291169452,25.95,0.8273809523809523
DIOD,0.9365921787709496,0.9273743016759776,103.48,0.8854748603351955
SGLD,0.9364951768488746,0.5241157556270096,11.66,0.9260450160771704
BLTE,0.9363905325443788,0.9881656804733728,148.34,0.9260355029585798
BSP,0.9362994350282486,0.6666666666666666,56.0,0.9519774011299436
TEM,0.9355960264900662,0.7317880794701986,66.65,0.9105960264900662
PLBL,0.935474006116208,0.8929663608562691,8.12,0.7308868501529052
URGN,0.9352380952380952,0.8063492063492064,47.2529,0.8507936507936508
GENB,0.9349358974358974,0.7243589743589743,22.26,0.8461538461538461
CTAS,0.9343617021276596,0.8,206.25,0.9319148936170212
PWR,0.9341549295774648,0.9483568075117372,660.095,0.988262910798122
AEM,0.9340546697038724,0.835990888382688,208.09,0.9635535307517084
APD,0.933827893175074,0.9109792284866468,294.32,0.9317507418397626
RBRK,0.9336363636363636,0.7584415584415585,107.02,0.9298701298701298
PAY,0.9336027713625864,0.7736720554272517,44.6,0.8175519630484989
SEZL,0.9327974276527332,0.9131832797427653,128.91,0.932475884244373
MRK,0.9327338129496404,0.6019184652278178,152.94,0.9424460431654677
MAAS,0.9325757575757576,0.8813131313131313,21.24,0.7575757575757576
CHTR,0.9325163398692812,0.7843137254901961,149.66,0.8790849673202614
MELI,0.9322102425876012,0.9973045822102424,1940.0,0.9973045822102424
PLTR,0.932167832167832,0.4195804195804196,162.875,0.9673659673659674
FROG,0.9315909428359316,0.7216035634743875,87.58,0.8555555555555555
UGI,0.9315384615384614,0.7907692307692308,38.39,0.7784615384615384
CLMT,0.9314320388349516,0.7985436893203883,45.47,0.8470873786407767
BBY,0.9313915857605178,0.8770226537216829,87.0,0.9336569579288024
DK,0.9311750599520384,0.8513189448441247,71.47,0.9232613908872902
ARX,0.9310734463276836,0.5932203389830508,19.525,0.8587570621468926
MPWR,0.930940594059406,0.995049504950495,1451.195,0.995049504950495
AAOI,0.9309116809116808,0.6495726495726496,150.28,0.9743589743589745
AGCO,0.9309061488673138,0.9741100323624596,127.38,0.9449838187702264
WKC,0.9308441558441558,0.75,40.39,0.8246753246753247
KLIC,0.9305084745762712,0.943502824858757,121.525,0.8983050847457628
CAMT,0.930188679245283,0.9528301886792452,149.9,0.9304245283018868
VSAT,0.9301552106430157,0.7006651884700665,89.81,0.893569844789357
RH,0.9301007556675062,0.9193954659949622,190.26,0.9596977329974812
AMZN,0.9300925925925926,0.5,270.73,0.9814814814814816
MMED,0.9296116504854368,0.8317152103559871,22.42,0.7605177993527508
BE,0.9293427230046948,0.6197183098591549,207.45,0.943661971830986
HWM,0.9292880258899676,0.9514563106796116,254.89,0.948220064724919
VIRT,0.9292565947242204,0.8345323741007195,67.93,0.8968824940047961
SHAK,0.9292,0.7493333333333333,74.348,0.888
BAND,0.929122340425532,0.8696808510638298,67.56,0.901595744680851
PRIM,0.9290870488322716,0.7282377919320594,92.69,0.8704883227176221
WING,0.9290598290598292,0.8945868945868946,126.12,0.9572649572649572
CSW,0.928669724770642,1.0,346.95,0.9885321100917432
TSLA,0.9286666666666666,0.7333333333333333,366.68,0.9866666666666668
ENS,0.9285714285714284,0.9642857142857144,202.98,0.9523809523809524
DDOG,0.9285194174757282,0.8106796116504854,260.78,0.9878640776699028
LMND,0.928057318040388,0.8036117381489842,78.7,0.8806306306306306
CIB,0.9278761061946904,0.9380530973451328,99.61,0.9026548672566372
BVC,0.927652733118971,0.9678456591639872,16.8,0.7781350482315113
AMKR,0.9271317829457364,0.5968992248062015,94.28,0.8914728682170543
HTHT,0.9270194986072422,0.7632311977715878,46.61,0.841225626740947
PTCT,0.9266272189349112,0.893491124260355,78.53,0.8520710059171598
RRX,0.9266075388026608,0.8957871396895787,238.19,0.917960088691796
TOP,0.9263754045307444,0.964401294498382,16.24,0.7346278317152104
TDW,0.9263279445727484,0.8799076212471132,84.19,0.8695150115473441
DTM,0.9261976047904192,0.9251497005988024,132.54,0.8832335329341318
EDU,0.926125,0.88,58.58,0.87
NET,0.9259717314487632,0.7915194346289752,315.165,0.9752650176678446
HRB,0.9259305210918116,0.684863523573201,54.18,0.8436724565756824
VIST,0.9255813953488372,0.9435215946843852,74.8,0.8073089700996677
SHW,0.9254120879120878,0.8406593406593407,353.46,0.9807692307692308
NVCR,0.925382262996942,0.6850152905198776,19.99,0.7951070336391437
REZI,0.9252293577981652,0.7798165137614679,33.94,0.8379204892966361
FDS,0.9252202643171806,0.9515418502202644,245.475,0.947136563876652
SPSC,0.9252032520325202,0.8807588075880759,73.39,0.8563685636856369
CAVA,0.925062034739454,0.6625310173697271,69.47,0.8635235732009926
OII,0.925,0.784037558685446,52.73,0.7863849765258216
DOCS,0.9248697916666666,0.5130208333333334,29.13,0.8723958333333334
AXTI,0.9247967479674796,0.5474254742547425,60.43,0.9214092140921408
VCTR,0.9247005988023952,0.940119760479042,120.64,0.8682634730538922
LFUS,0.9246835443037974,0.978902953586498,420.555,0.9662447257383966
NIQ,0.9245283018867924,0.6064690026954178,16.58,0.8382749326145552
MBIN,0.9243686868686868,0.941919191919192,55.93,0.8409090909090909
AEIS,0.9242494226327944,0.9584295612009238,341.39,0.9815242494226328
MRX,0.9239454094292804,0.8312655086848635,71.13,0.890818858560794
CVSA,0.9235677083333332,0.9713541666666666,140.58,0.9557291666666666
RPM,0.9233050847457628,0.9124293785310734,107.43,0.8728813559322034
CIEN,0.9231117824773416,0.8610271903323263,441.25,0.9758308157099698
RYTM,0.9227810650887572,0.9437869822485208,95.83,0.8698224852071006
SE,0.9225806451612903,0.543010752688172,128.51,0.935483870967742
MU,0.9224264705882352,0.6666666666666666,1211.32,0.9975490196078431
VERA,0.9222741433021806,0.7694704049844237,43.8999,0.7757009345794392
LB,0.922085889570552,0.9570552147239264,89.63,0.8895705521472392
DKS,0.9218562874251496,0.874251497005988,129.66,0.8712574850299402
DFTX,0.921656050955414,0.5923566878980892,42.13,0.8195329087048833
OUST,0.921188630490956,0.5968992248062015,52.72,0.8527131782945736
AAMI,0.9211385248664494,0.9049773755656108,79.15,0.8510158013544018
MSTR,0.9209150326797384,0.6470588235294118,126.4438,0.9411764705882352
FIVE,0.9207119741100324,0.9676375404530744,262.72,0.970873786407767
CRWV,0.9205955334987592,0.4317617866004963,107.73,0.9478908188585607
TER,0.9201923076923076,0.7970085470085471,471.96,0.9829059829059827
SHAZ,0.920185614849188,0.8445475638051044,71.0,0.8491879350348028
GGAL,0.9200305810397552,0.8746177370030581,53.73,0.9143730886850152
FN,0.9198776758409786,0.9602446483180428,525.71,0.9938837920489296
LXP,0.9197976878612716,0.9393063583815028,60.85,0.8063583815028902
FLR,0.9195238095238096,0.7166666666666667,57.0,0.8642857142857143
TGTX,0.9194158075601374,0.7319587628865979,56.295,0.8934707903780069
VAL,0.919283276450512,0.9180887372013652,85.07,0.89419795221843
ACM,0.919055944055944,0.9055944055944056,69.17,0.7954545454545454
NOC,0.9190064794816416,0.976241900647948,549.01,0.9697624190064796
P,0.9184300341296928,0.7508532423208191,98.6406,0.931740614334471
IRON,0.9180685358255452,0.956386292834891,81.4975,0.7975077881619937
SKYW,0.9177053824362604,0.9291784702549576,104.41,0.886685552407932
SSNC,0.9176948051948052,0.7207792207792207,73.97,0.9155844155844156
PYPL,0.9175675675675676,0.4004914004914005,55.52,0.9090909090909092
EQPT,0.9171253822629968,0.6330275229357798,18.65,0.8012232415902141
CRL,0.9170454545454546,0.9431818181818182,263.34,0.9848484848484848
ETN,0.91680216802168,0.902439024390244,415.2,0.983739837398374
TVTX,0.9168,0.752,62.76,0.848
HCA,0.9166105957819928,0.9096774193548388,418.19,0.9742489270386266
UHS,0.916396103896104,0.905844155844156,161.02,0.9415584415584416
HP,0.9163834951456312,0.7742718446601942,41.87,0.8009708737864077
BIO,0.9162162162162162,0.9606879606879608,298.81,0.9533169533169532
SAH,0.916067415730337,0.9595505617977528,95.31,0.8561797752808988
LQDA,0.9158878504672896,0.8442367601246106,86.75,0.8753894080996885
NVT,0.9157407407407406,0.8117283950617284,157.6099,0.8888888888888888
GLW,0.915374677002584,0.6563307493540051,253.455,0.9612403100775194
AUGO,0.915159574468085,0.8324468085106383,65.76,0.8829787234042553
TTAN,0.914950259836674,0.799554565701559,69.2,0.78
AXON,0.91455525606469,0.973045822102426,636.31,0.9919137466307276
ASST,0.9139999999999998,0.6622222222222223,24.0,0.7777777777777778
MAIR,0.9138242894056846,0.6356589147286822,27.99,0.8010335917312662
UI,0.9138009049773754,1.0,607.81,0.9728506787330315
ETSY,0.9136792452830188,0.8333333333333334,87.03,0.89937106918239
BMA,0.9135220125786164,0.9716981132075472,76.65,0.8459119496855346
NUE,0.9130832064239236,0.8817204301075269,265.62,0.944206008583691
WLK,0.9128175519630484,0.8383371824480369,80.63,0.8267898383371824
ERO,0.9122302158273382,0.762589928057554,39.42,0.7805755395683454
VICR,0.9120347394540944,0.9454094292803972,226.12,0.9305210918114144
DOCN,0.911993769470405,0.7912772585669782,145.91,0.9532710280373832
SA,0.9119741100323624,0.8802588996763754,33.03,0.8122977346278317
HOOD,0.9118143459915612,0.3924050632911392,106.59,0.9662447257383966
FIGR,0.9117318435754188,0.6312849162011173,35.755,0.8212290502793296
CAT,0.9116452991452992,0.908119658119658,1057.01,0.9893162393162394
HRI,0.9116207951070336,0.944954128440367,163.25,0.9174311926605504
NYAX,0.91125,1.0,53.87,0.775
ABG,0.9110014306151644,0.9849462365591398,240.99,0.9120171673819742
AZN,0.9109836065573772,0.8491803278688524,195.31,0.9114754098360656
Q,0.9109477124183006,0.9281045751633988,133.52,0.9509803921568628
TARS,0.9106109324758842,0.8488745980707395,80.965,0.932475884244373
CAR,0.9105960264900664,0.9801324503311258,147.49,0.956953642384106
GEHC,0.910125,0.645,71.9,0.8725
MSFT,0.9095854922279792,0.5310880829015544,457.6701,0.9637305699481864
EXPE,0.909447983014862,0.8768577494692145,262.15,0.961783439490446
ALGM,0.9093301435406698,0.6818181818181818,66.37,0.80622009569378
ABT,0.9091463414634148,0.4268292682926829,98.92,0.8878048780487805
HII,0.9089201877934272,0.9577464788732394,319.9,0.9272300469483568
KRYS,0.9088757396449704,0.9940828402366864,341.66,0.9615384615384616
IBM,0.9088383838383838,0.7727272727272727,264.94,0.9318181818181818
ULTA,0.908590308370044,0.9911894273127754,524.0,0.986784140969163
MUSA,0.9085760517799352,0.9967637540453076,536.45,0.9805825242718448
TPC,0.9081395348837208,0.8803986710963455,87.7,0.7807308970099668
KFY,0.908080808080808,0.9292929292929292,71.72,0.7878787878787878
CRSP,0.908045977011494,0.767816091954023,59.81,0.825287356321839
CRCL,0.9078358208955224,0.4776119402985074,92.96,0.917910447761194
BNS,0.9078025477707008,0.8184713375796179,93.35,0.9140127388535032
DHR,0.9077981651376148,0.8287461773700305,192.5,0.9296636085626911
QNT,0.9075675675675676,0.6648648648648648,72.0,0.9324324324324323
SYRE,0.9074545454545454,0.8363636363636363,104.56,0.9054545454545454
FUTU,0.9073643410852714,0.8630490956072352,125.63,0.9354005167958656
CDLR,0.9072961373390558,0.9699570815450644,25.99,0.7017167381974249
RTX,0.9071748878923768,0.7668161434977578,209.585,0.9192825112107624
SJM,0.9070359281437124,0.8922155688622755,130.9,0.8772455089820359
SEDG,0.90688622754491,0.6856287425149701,33.08,0.7754491017964071
EXLS,0.90675,0.65,35.99,0.805
PSMT,0.9067278287461774,0.9908256880733946,196.3,0.9663608562691132
MMM,0.9066445182724252,0.7109634551495017,172.775,0.8870431893687708
TRU,0.9061861024547592,0.6923076923076923,84.845,0.8081023454157783
AFRM,0.9059870550161812,0.8220064724919094,73.975,0.919093851132686
VMI,0.9059322033898304,1.0,568.885,0.9943502824858758
TENB,0.9058441558441558,0.6363636363636364,37.62,0.7974025974025974
ACMR,0.905813953488372,0.8604651162790697,119.2,0.8837209302325582
SPOT,0.9057275541795664,0.9628482972136224,516.28,0.9752321981424148
DGII,0.905570519377202,0.9307875894988068,83.01,0.9047619047619048
INOD,0.905367231638418,0.8926553672316384,109.04,0.9265536723163842
RDNT,0.9053516819571864,0.8929663608562691,78.235,0.8532110091743119
GPI,0.9052825552825552,1.0,319.4,0.977886977886978
WTS,0.9052391799544418,0.9772209567198178,392.355,0.9681093394077448
LCII,0.905125284738041,0.9111617312072892,107.325,0.7972665148063781
WTTR,0.9049202127659576,0.6356382978723404,22.26,0.7579787234042553
MMYT,0.9048832271762208,0.7154989384288747,51.68,0.7707006369426752
DAVE,0.9046650717703348,0.9593301435406698,306.355,0.9330143540669856
GRAL,0.904247572815534,0.9029126213592232,74.84,0.8203883495145631
PSX,0.9038563829787234,0.8882978723404256,198.29,0.9335106382978724
TXG,0.9036407766990292,0.6723300970873787,58.57,0.8689320388349514
ZLAB,0.9036388140161724,0.7466307277628033,26.0,0.7250673854447439
ESLT,0.9034426229508196,1.0,802.66,0.9934426229508196
CHYM,0.903204625525628,0.4844868735083532,31.25,0.8238095238095238
DPZ,0.9030851063829788,0.9425531914893616,329.67,0.9723404255319148
INTU,0.903058510638298,0.8643617021276596,289.76,0.9601063829787234
DXCM,0.9028455284552844,0.6612466124661247,83.45,0.8780487804878049
KSPI,0.902840909090909,0.9659090909090908,95.92,0.7897727272727273
CRK,0.9027508090614886,0.6666666666666666,16.02,0.7087378640776699
SEI,0.902247191011236,0.7640449438202247,72.235,0.8651685393258427
FAF,0.9017605633802817,0.8450704225352113,75.13,0.8286384976525821
BHVN,0.9016129032258065,0.5668202764976958,18.06,0.7649769585253456
CCS,0.9015695067264574,0.8968609865470852,70.45,0.8340807174887892
WFRD,0.90125786163522,0.8176100628930818,90.485,0.8616352201257862
ISRG,0.9009067357512952,0.8808290155440415,358.68,0.9766839378238342
TTMI,0.900748502994012,0.8263473053892215,121.7,0.9311377245508982
ATEX,0.9005899705014748,0.9734513274336284,103.725,0.8775811209439528
MHK,0.900573394495413,0.908256880733945,133.0,0.8738532110091743
AU,0.9004966887417218,0.9006622516556292,115.14,0.9403973509933776
DXPE,0.900038924877827,0.9904534606205252,198.21,0.9642857142857144
BIRK,0.9,0.6547619047619048,43.56,0.8809523809523809
IRTC,0.8999999999999999,0.9494949494949496,110.12,0.8434343434343434
IDCC,0.8998826291079812,0.971830985915493,302.305,0.9366197183098592
SBAC,0.8998470948012232,0.9663608562691132,190.03,0.9602446483180428
NN,0.8996108949416343,0.5525291828793775,18.87,0.7898832684824902
ASH,0.8995024875621891,0.8507462686567164,73.095,0.7810945273631841
VKTX,0.899468085106383,0.726063829787234,42.13,0.7553191489361702
RGC,0.899448123620309,0.8189845474613686,8.03,0.5916114790286976
QGEN,0.8993258426966293,0.6314606741573033,41.99,0.7438202247191011
MNDY,0.8991784037558684,0.7769953051643192,77.43,0.8169014084507042
TRVI,0.8991438356164382,0.660958904109589,19.185,0.6952054794520548
AGYS,0.8989894848103803,0.9337606837606838,114.92,0.8869936034115139
GFF,0.8989333333333333,0.9546666666666668,103.094,0.9093333333333332
RCL,0.8988738738738739,0.9009009009009008,299.18,0.9774774774774776
EWTX,0.8987297921478059,0.7297921478060047,44.705,0.745958429561201
EQT,0.898728813559322,0.5875706214689266,54.01,0.8135593220338984
DDS,0.8987277353689567,0.9974554707379136,643.8,0.9847328244274808
MZTI,0.8987055016181229,0.9870550161812298,115.76,0.8737864077669902
KTB,0.8985111662531018,0.8486352357320099,81.6,0.8287841191066998
CF,0.8983818770226536,0.9255663430420712,135.6,0.9029126213592232
OLED,0.8980891719745222,0.9235668789808916,89.89,0.8742038216560509
PLSE,0.897682119205298,0.9635761589403974,50.33,0.8311258278145696
HNGE,0.8975378787878787,0.7462121212121212,88.92,0.8598484848484849
KKR,0.8973045822102426,0.7304582210242587,110.97,0.894878706199461
BMRN,0.8970873786407767,0.7645631067961165,68.88,0.8155339805825242
BNY,0.8970515970515971,0.8034398034398035,162.35,0.9017199017199016
BCC,0.8967105263157894,0.881578947368421,81.43,0.7868421052631579
MRVL,0.8966507177033494,0.5502392344497608,311.29,0.9760765550239234
LBTYB,0.8966216216216216,0.991891891891892,13.12,0.5108108108108108
CELC,0.8963443396226415,0.8561320754716981,111.05,0.8797169811320755
NOVT,0.8963393567450846,0.9594272076372315,163.32,0.9023809523809524
RMD,0.8963104325699746,0.8854961832061069,220.75,0.9083969465648856
KOF,0.896,0.9888888888888888,108.99,0.8511111111111112
FIVN,0.8958333333333333,0.611904761904762,33.99,0.8023809523809524
LIND,0.8953917050691244,0.771889400921659,33.12,0.695852534562212
LECO,0.8953592814371257,0.9700598802395208,290.12,0.937125748502994
RBA,0.8953525641025641,0.8878205128205128,86.115,0.7852564102564102
PARR,0.8953424657534247,0.8547945205479452,68.57,0.8849315068493151
APP,0.8952267303102626,0.8782816229116945,569.735,0.9880668257756564
SCCO,0.895083932853717,0.9280575539568344,216.0,0.9856115107913668
FELE,0.8950241922256846,0.9551282051282052,112.48,0.7889125799573561
UNH,0.8948581560283688,0.6595744680851063,437.511,0.9858156028368794
SMG,0.8948237885462554,0.7665198237885462,74.5,0.8259911894273128
MTSI,0.8946775201727468,0.9140811455847256,301.64,0.9714285714285714
ASTH,0.8945916114790287,0.8741721854304636,49.81,0.717439293598234
BZ,0.8941616766467065,0.5329341317365269,18.84,0.7305389221556886
MTX,0.8940379403794037,0.94579945799458,76.24,0.7533875338753387
ELF,0.8939890710382513,0.7650273224043715,67.96,0.7978142076502732
GHRS,0.8939473684210525,0.7921052631578948,29.635,0.6105263157894737
CVI,0.8938848920863309,0.8081534772182254,39.51,0.8045563549160671
CASY,0.8938356164383563,0.9945205479452056,843.1,0.9945205479452056
PI,0.8938073394495413,0.9678899082568808,164.195,0.9105504587155964
TMDX,0.8936936936936937,0.8378378378378378,76.76,0.8333333333333334
IREN,0.8935103244837758,0.1710914454277286,38.88,0.9233038348082596
PH,0.8932981020570518,0.9952267303102624,1069.8,0.9904761904761904
ROST,0.8932038834951457,0.8802588996763754,242.63,0.9676375404530744
GAP,0.8930069930069929,0.4965034965034965,23.48,0.777972027972028
BLBD,0.8928343949044586,0.9840764331210192,81.5,0.856687898089172
LBRDA,0.892483660130719,0.9215686274509804,35.01,0.673202614379085
SNOW,0.8922509279881218,0.6904231625835189,248.96,0.9666666666666668
CHA,0.8922222222222222,0.8266666666666667,11.625,0.5866666666666667
UL,0.8921738428169275,0.5978494623655914,66.87,0.7446351931330472
DRD,0.8920485175202155,0.8517520215633423,27.82,0.6900269541778976
LRCX,0.8918960244648317,0.5963302752293578,304.315,0.944954128440367
BA,0.8918577981651374,0.7798165137614679,233.36,0.9426605504587156
VRT,0.891820987654321,0.7469135802469136,244.54,0.925925925925926
WHR,0.891743119266055,0.7186544342507645,40.72,0.8348623853211009
GWRE,0.8915404040404039,0.8459595959595959,109.63,0.8838383838383839
ADSK,0.8914285714285713,0.8909090909090909,270.58,0.9662337662337662
VRNS,0.8912878787878789,0.6616161616161617,35.03,0.6654040404040404
SUPN,0.8912576687116565,0.7791411042944786,48.545,0.7116564417177914
U,0.8910450051142175,0.4391408114558472,40.81,0.8273809523809523
ZYME,0.8908682634730539,0.8532934131736527,29.305,0.6796407185628742
SPXC,0.8906504065040651,0.940379403794038,219.62,0.962059620596206
ARMK,0.890566037735849,0.7115902964959568,60.47,0.8328840970350404
WYNN,0.8905303030303029,0.8181818181818182,106.335,0.8484848484848485
FSV,0.8905099150141643,0.980169971671388,139.015,0.8838526912181303
FICO,0.889694450880445,0.9975903614457832,1375.68,0.997596153846154
UNP,0.8894495412844037,0.8899082568807339,304.33,0.9143730886850152
DT,0.8893617021276596,0.5797872340425532,50.86,0.8058510638297872
TFII,0.8893617021276595,0.9290780141843972,156.15,0.9042553191489362
MP,0.8893305439330544,0.5983263598326359,60.225,0.8451882845188284
ASTS,0.8893203883495145,0.5145631067961165,62.7775,0.9611650485436892
ZD,0.889308176100629,0.8522012578616353,57.365,0.7955974842767296
SLG,0.8892966360856268,0.8470948012232415,53.61,0.7584097859327217
CROX,0.8891437308868502,0.9235474006116208,132.78,0.9388379204892966
GVA,0.8890432098765432,0.8611111111111112,124.295,0.8333333333333334
STDN,0.8886666666666667,0.7911111111111111,15.57,0.7111111111111111
MESO,0.8884520884520886,0.8845208845208845,18.24,0.6031941031941032
VOD,0.8883792048929664,0.5107033639143731,14.72,0.7186544342507645
MSGE,0.8880893300248139,0.9032258064516128,88.42,0.8709677419354839
ALSN,0.8880494505494506,0.8956043956043956,120.68,0.8434065934065934
VSEC,0.8877358490566039,0.967654986522911,241.82,0.9784366576819408
ATI,0.8874491419479485,0.8878281622911695,223.43,0.9523809523809524
HAS,0.8873536299765807,0.7822014051522248,88.85,0.8079625292740047
ENTG,0.8873205741626794,0.8253588516746412,163.02,0.8755980861244019
OMAB,0.8868421052631579,0.9784688995215312,108.94,0.7966507177033493
TRI,0.8867021276595743,0.8351063829787234,94.29,0.8138297872340425
CLBK,0.8865606936416185,0.861271676300578,24.5,0.6589595375722543
GIL,0.8865384615384615,0.8550295857988166,53.13,0.7485207100591716
EROC,0.886046511627907,0.5415282392026578,16.49,0.6943521594684385
MSGS,0.8857320099255585,0.9925558312655088,414.12,0.957816377171216
SLB,0.8853333333333333,0.6355555555555555,60.106,0.7955555555555556
PLPC,0.885243553008596,0.997134670487106,471.68,0.994269340974212
FSLY,0.8851681957186543,0.4281345565749235,27.5891,0.8134556574923547
BKNG,0.8850318471337578,0.6348195329087049,181.25,0.9384288747346072
COAG,0.8850129198966408,0.9405684754521964,49.65,0.7984496124031008
NTES,0.884982332155477,0.8975265017667845,129.13,0.939929328621908
FCEL,0.88486646884273,0.3887240356083086,37.46,0.8130563798219584
BBAR,0.8848623853211008,0.8287461773700305,21.16,0.7400611620795107
TW,0.8842572062084257,0.7782705099778271,99.66,0.811529933481153
GFL,0.8837919183291644,0.5914221218961625,40.49,0.7297297297297297
MEOH,0.8835616438356164,0.821917808219178,48.87,0.7465753424657534
AKAM,0.8832876712328765,0.7424657534246575,126.57,0.9287671232876712
REXR,0.8832861189801701,0.6175637393767706,39.545,0.71671388101983
FBIN,0.883204134366925,0.6640826873385013,50.765,0.7467700258397932
SMCI,0.8831111111111112,0.2266666666666666,31.515,0.8488888888888889
HUBG,0.882872340425532,0.7553191489361702,51.41,0.674468085106383
VECO,0.8827751196172249,0.8205741626794258,83.56,0.7631578947368421
GEV,0.8826923076923077,0.9763313609467456,1048.86,1.0
IDXX,0.882686567164179,0.9850746268656716,565.285,0.9850746268656716
MHO,0.8820594479830148,0.951167728237792,158.83,0.921443736730361
TIGO,0.8819343107171269,0.7923627684964201,104.31,0.930952380952381
LEU,0.8819338422391857,0.910941475826972,175.405,0.926208651399491
AN,0.8816919191919192,0.9696969696969696,233.67,0.9318181818181818
WHD,0.8816901408450704,0.8286384976525821,62.135,0.7652582159624414
MGNI,0.8815229003295828,0.5465393794749404,24.32,0.7595238095238095
ALMS,0.88125,0.7606382978723404,29.27,0.6329787234042553
PLMR,0.8810279633754021,0.9844097995545658,126.32,0.8488888888888889
BTI,0.8808370044052863,0.5506607929515418,63.035,0.7444933920704846
ALAB,0.8808314087759815,0.8244803695150116,361.67,0.976905311778291
KRMN,0.8807560137457046,0.5257731958762887,50.535,0.7972508591065293
BYND,0.8805439330543933,0.6527196652719666,13.875,0.6569037656903766
HQY,0.8804195804195805,0.9615384615384616,96.37,0.8006993006993007
ROP,0.8803827751196172,0.937799043062201,356.5836,0.9521531100478468
AZO,0.8796717171717171,1.0,3046.46,0.9949494949494948
CHRD,0.8795212765957447,0.952127659574468,122.36,0.8218085106382979
ORA,0.8794498381877022,0.964401294498382,107.29,0.8964401294498382
AVNT,0.879018070235254,0.7684964200477327,42.65,0.8071428571428572
LION,0.8789617486338799,0.5792349726775956,16.22,0.6338797814207651
TPG,0.87890625,0.6986607142857143,55.21,0.7678571428571429
AZZ,0.8788990825688073,0.9877675840978594,146.45,0.9357798165137616
IQMX,0.8788968824940048,0.709832134292566,11.11,0.5899280575539568
PBF,0.8788461538461537,0.717032967032967,52.9,0.8241758241758241
ILMN,0.8788079470198675,0.9503311258278144,213.24,0.9635761589403974
NVDA,0.8787012987012986,0.2831168831168831,227.98,0.9792207792207792
STEP,0.8786939623913466,0.748868778280543,43.95,0.708803611738149
DASH,0.8784688995215311,0.7583732057416268,167.975,0.9234449760765552
BXP,0.8784090909090909,0.7752525252525253,74.74,0.7651515151515151
STRL,0.8783847980997624,0.9833729216152018,707.17,0.990498812351544
ZIM,0.8782710280373831,0.7383177570093458,27.17,0.6448598130841121
GRDN,0.87797783933518,0.9058171745152356,45.545,0.8005540166204986
CAI,0.8779386862143425,0.5011933174224343,20.0,0.7476190476190476
BETA,0.8776011560693642,0.661849710982659,19.7,0.7745664739884393
BEAM,0.8775265957446808,0.7180851063829787,37.92,0.6914893617021277
ITT,0.8773116263211729,0.9427207637231504,214.41,0.9071428571428573
FA,0.8772334924423231,0.6229116945107399,24.12,0.75
NRIX,0.8771498771498771,0.5921375921375921,22.405,0.6928746928746928
MRCY,0.8770509977827051,0.8869179600886918,122.33,0.8802660753880266
MTZ,0.8769953051643193,0.9272300469483568,324.99,0.9225352112676056
IP,0.8769953051643192,0.4976525821596244,42.16,0.7676056338028169
FWONK,0.8768421052631579,0.8245614035087719,100.925,0.8035087719298246
NTNX,0.8766233766233765,0.7142857142857143,69.84,0.825974025974026
SSB,0.8763922518159806,0.8910411622276029,106.35,0.7966101694915254
FTDR,0.8763001477440618,0.9045346062052506,89.92,0.9428571428571428
KLAC,0.8761640798226165,0.656319290465632,301.71,0.9445676274944568
RAPP,0.8759615384615383,0.9093406593406592,41.99,0.6895604395604396
LW,0.8758888888888888,0.74,53.11,0.7311111111111112
SYNA,0.8758108108108108,0.827027027027027,133.05,0.8297297297297297
CME,0.8754716981132075,0.8364779874213837,251.955,0.9433962264150944
KEX,0.8754491017964072,0.9820359281437124,141.46,0.9101796407185628
CNS,0.875147928994083,0.9792899408284024,84.65,0.8313609467455622
LH,0.8751121076233184,0.9506726457399104,294.83,0.9103139013452914
CART,0.8750000000000001,0.6309523809523809,50.17,0.7761904761904762
ALGN,0.875,0.9251101321585904,181.49,0.9251101321585904
ELVN,0.8747706422018349,0.7981651376146789,59.3,0.7477064220183486
TYL,0.8746753246753246,0.9844155844155844,369.88,0.9766233766233766
SKY,0.8744,0.88,91.15,0.8986666666666666
RVTY,0.8743872549019608,0.8259803921568627,112.635,0.8406862745098039
PPC,0.8743119266055046,0.5779816513761468,32.705,0.6788990825688074
LFTO,0.8740350877192983,0.7157894736842105,21.895,0.6596491228070176
ANAB,0.8739361702127659,0.9202127659574468,69.81,0.7632978723404256
IR,0.8738157894736842,0.5473684210526316,84.48,0.7842105263157895
DLB,0.8737127371273713,0.8373983739837398,58.81,0.8482384823848238
ARM,0.8735645933014354,0.7679425837320574,412.32,0.9736842105263158
VOYG,0.8733944954128441,0.5198776758409785,34.71,0.7247706422018348
ZETA,0.8730659025787966,0.4154727793696275,27.395,0.7277936962750716
MTH,0.8729299363057325,0.8046709129511678,82.39,0.8450106157112527
RVMD,0.8725490196078431,0.7745098039215687,179.14,0.8700980392156863
SQM,0.8724852071005916,0.8816568047337278,69.81,0.8254437869822485
TSN,0.8723342939481268,0.6253602305475504,61.67,0.7406340057636888
ECO,0.872077922077922,0.9272727272727272,66.34,0.8103896103896104
ONC,0.8720670391061452,0.9776536312849162,362.51,0.9385474860335196
DNTH,0.8720414201183432,0.9230769230769232,105.6,0.9526627218934912
OR,0.8720064724919093,0.8705501618122977,37.49,0.656957928802589
SPCX,0.8717233009708738,0.233009708737864,131.345,0.95873786407767
NGL,0.8714776632302406,0.872852233676976,17.595,0.6013745704467354
INVX,0.8712938005390836,0.8086253369272237,33.66,0.6738544474393531
AYA,0.871183800623053,0.8411214953271028,20.86,0.6479750778816199
MYRG,0.8711077844311377,0.9790419161676648,312.83,0.9580838323353292
TNK,0.871038961038961,0.9558441558441558,88.2,0.8363636363636363
EVCM,0.870674486803519,0.8709677419354839,11.9158,0.4897360703812317
SW,0.8706572769953052,0.5352112676056338,48.56,0.7910798122065728
ANET,0.8705479452054794,0.726027397260274,181.05,0.9452054794520548
ALM,0.8704892966360857,0.4678899082568807,16.61,0.7522935779816514
PJT,0.8704751131221721,0.9570135746606336,163.19,0.8529411764705882
RKLB,0.8704134366925065,0.4237726098191214,97.33,0.8708010335917312
DINO,0.8700549450549451,0.7967032967032966,78.62,0.8269230769230769
YPF,0.8697604790419161,0.7904191616766467,49.84,0.7365269461077845
MDB,0.8692124105011934,0.9474940334128878,470.82,0.9904534606205252
PBI-PB,0.869205298013245,0.9966887417218544,21.89,0.6026490066225165
CPK,0.8691489361702127,0.9920212765957448,133.91,0.824468085106383
MORN,0.8690118782479583,0.9576837416481068,154.65,0.9155555555555556
ZS,0.8689610389610389,0.8285714285714286,187.3,0.9714285714285714
PHM,0.868895966029724,0.7813163481953291,135.71,0.8959660297239915
MBX,0.8687960687960687,0.8673218673218673,60.675,0.8058968058968059
MT,0.8686651583710406,0.7126696832579186,63.135,0.7364253393665159
RARE,0.8686170212765958,0.7074468085106383,35.87,0.6569148936170213
SBLK,0.8684365781710914,0.7581120943952803,26.26,0.7315634218289085
FCX,0.8683453237410071,0.4772182254196642,76.66,0.8800959232613909
RHI,0.8683333333333332,0.6644444444444444,39.74,0.7855555555555556
EHC,0.8683285032390045,0.8902147971360382,124.82,0.9476190476190476
CIFR,0.8678466076696166,0.168141592920354,19.935,0.8171091445427728
BLSH,0.8675141242937853,0.6949152542372882,27.465,0.7175141242937854
FIGS,0.8671116504854368,0.4441747572815534,14.52,0.6771844660194175
RACE,0.8668587896253601,0.9913544668587896,377.66,0.9740634005763688
ALGT,0.8663551401869158,0.9228971962616822,81.85,0.8691588785046729
BLKB,0.8662878787878788,0.7853535353535354,43.725,0.8585858585858586
LHX,0.8660287081339713,0.9043062200956936,298.93,0.9138755980861244
CDNS,0.8660206718346253,0.9276485788113696,331.9,0.9767441860465116
POWL,0.8659705159705161,0.9508599508599508,247.01,0.9434889434889436
AVAH,0.8654017857142857,0.4508928571428571,11.29,0.625
KLRA,0.8653846153846153,0.8681318681318682,16.79,0.6813186813186813
CNH,0.865210355987055,0.2621359223300971,13.755,0.7346278317152104
LLY,0.8651541697599603,0.9732739420935412,1208.12,0.9933333333333332
ACIW,0.8651515151515151,0.8333333333333334,45.17,0.6565656565656566
SRPT,0.8650649350649349,0.5402597402597402,21.59,0.6779220779220779
TILE,0.8649584487534626,0.8393351800554016,40.1,0.7590027700831025
KC,0.8649553571428572,0.6473214285714286,10.5998,0.5714285714285714
HRMY,0.8648491879350347,0.7888631090487239,36.84,0.6612529002320185
MH,0.8646205357142858,0.6651785714285714,13.57,0.5881696428571429
LULU,0.8641608391608392,0.9125874125874126,120.81,0.8846153846153846
AVGO,0.8640624999999998,0.7232142857142857,393.55,0.9821428571428572
OKLO,0.8638242894056847,0.4496124031007752,44.27,0.8656330749354005
AJG,0.8637149028077753,0.8898488120950324,252.44,0.91792656587473
FWONA,0.8635087719298246,0.9929824561403509,92.39,0.775438596491228
ABCL,0.863302752293578,0.2660550458715596,9.965,0.6941896024464832
ADBE,0.8632113821138212,0.7398373983739838,228.94,0.9227642276422764
MDA,0.8632075471698114,0.7075471698113207,33.935,0.6438679245283019
PTRN,0.8631656804733727,0.7603550295857988,20.45,0.5857988165680473
TX,0.8628,0.872,53.725,0.728
ZBIO,0.8626760563380282,0.784037558685446,33.2,0.676056338028169
GDDY,0.8624233128834355,0.7177914110429447,88.875,0.8128834355828221
MFP,0.8624172185430463,0.9039735099337748,48.95,0.8410596026490066
EMBJ,0.8622983870967742,0.8225806451612904,77.12,0.7741935483870968
CHRW,0.8620578778135048,0.8810289389067524,151.73,0.909967845659164
SN,0.8617478510028654,0.8767908309455588,180.58,0.9169054441260746
INTA,0.8616,0.7733333333333333,36.96,0.776
SXI,0.8615196078431372,0.9877450980392156,336.3,0.9485294117647058
MNSO,0.8614250614250614,0.7051597051597052,12.62,0.5405405405405406
NAVN,0.8613905325443786,0.5710059171597633,20.99,0.6715976331360947
MTN,0.8612790161059578,0.8989247311827957,157.08,0.8304721030042919
CENT,0.8612720195476758,0.9761336515513126,46.54,0.680952380952381
HYMC,0.8612643678160918,0.6137931034482759,27.9,0.7367816091954023
SSMR,0.8611940298507461,0.8582089552238806,19.19,0.5597014925373134
SIM,0.860952380952381,1.0,30.76,0.5936507936507937
DOCU,0.8608258928571428,0.6495535714285714,64.09,0.8348214285714286
CELH,0.8607142857142857,0.3595238095238095,27.77,0.7238095238095238
SKWD,0.8606310319227912,0.9175946547884188,59.19,0.6866666666666666
YUM,0.8605960264900662,0.9205298013245032,152.33,0.933774834437086
WOLF,0.8605263157894736,0.5239234449760766,49.5,0.7751196172248804
BATRA,0.8603603603603602,0.9864864864864864,58.36,0.6711711711711712
BLDR,0.8602972399150742,0.6942675159235668,85.41,0.8853503184713376
APPF,0.8600928507644925,0.9722222222222222,183.67,0.9275053304904052
BLLN,0.8596629213483147,0.9101123595505618,127.97,0.8584269662921349
ARES,0.8595183486238531,0.8119266055045872,139.005,0.8853211009174312
SAIL,0.8589610389610389,0.4857142857142857,20.45,0.6883116883116883
LDOS,0.8586393088552916,0.8315334773218143,108.84,0.8120950323974082
LPX,0.8585987261146497,0.7770700636942676,79.69,0.7834394904458599
IPGP,0.8580838323353293,0.9221556886227544,74.21,0.7275449101796407
CECO,0.8579608938547486,0.8938547486033519,84.15,0.8268156424581006
BIDU,0.8577844311377245,0.874251497005988,117.07,0.844311377245509
EXE,0.8576271186440678,0.7627118644067796,93.17,0.8220338983050848
HON,0.8576233183856502,0.7982062780269058,247.025,0.9147982062780268
DAR,0.8573426573426572,0.8881118881118881,64.32,0.7954545454545454
ORCL,0.8572247706422018,0.4610091743119266,141.57,0.8967889908256881
AXGN,0.8569544364508392,0.8057553956834532,50.4,0.8225419664268585
MOH,0.8567567567567568,0.8771498771498771,216.71,0.9385749385749386
ASO,0.8566666666666667,0.7444444444444445,49.9,0.7222222222222222
VLO,0.8565868263473053,0.9461077844311376,281.945,0.9700598802395208
NOW,0.8563471502590673,0.3834196891191709,107.315,0.8756476683937824
HOG,0.8560693641618496,0.615606936416185,27.82,0.684971098265896
LIF,0.8557947019867549,0.913907284768212,45.82,0.8145695364238411
BJ,0.8557553956834533,0.815347721822542,96.42,0.8705035971223022
SLS,0.8557416267942584,0.3110047846889952,15.45,0.6483253588516746
WFG,0.8557279236276849,0.964200477326969,71.19,0.7768496420047732
OSIS,0.855688622754491,0.9760479041916168,211.04,0.8982035928143712
CNK,0.855635838150289,0.684971098265896,31.94,0.7341040462427746
SFM,0.8553108808290154,0.7202072538860104,90.0525,0.7746113989637305
SDRL,0.8552184466019417,0.8252427184466019,46.76,0.7160194174757282
FIG,0.8549488054607509,0.3003412969283277,23.2464,0.7918088737201365
IBKR,0.8548458149779734,0.6828193832599119,93.25,0.8414096916299559
ICHR,0.8547112462006079,0.7811550151975684,98.2518,0.8085106382978723
FIX,0.8547112462006079,1.0,1781.64,0.9969604863221884
PANW,0.8544155844155844,0.8311688311688312,382.85,0.9974025974025974
GPN,0.8542899408284024,0.8136094674556213,82.465,0.8668639053254438
APO,0.8539083557951482,0.7789757412398922,140.28,0.908355795148248
HWKN,0.8538205980066444,0.9900332225913622,124.65,0.8438538205980066
TEVA,0.8537878787878788,0.452020202020202,34.8025,0.6843434343434344
MXL,0.8537585421412301,0.6287015945330297,125.69,0.908883826879271
JLL,0.8536855036855037,0.9852579852579852,327.91,0.9508599508599508
GOOGL,0.8535230352303523,0.6287262872628726,356.13,0.9701897018970188
GOOG,0.8535230352303523,0.6802168021680217,356.65,0.97289972899729
WCC,0.8535211267605634,0.9507042253521126,346.93,0.9248826291079812
AGM,0.853448275862069,0.9946949602122016,243.43,0.93368700265252
FOUR,0.8532908704883228,0.6475583864118896,44.22,0.7919320594479831
STLD,0.8531914893617022,0.9574468085106383,238.51,0.9574468085106383
HSAI,0.8531890660592255,0.4851936218678815,18.325,0.5831435079726651
MDGL,0.8531437125748503,0.9850299401197604,538.88,0.9910179640718564
ARXS,0.8531165311653116,0.8157181571815718,54.3,0.8130081300813008
NSIT,0.8530384134560745,0.954653937947494,149.19,0.8928571428571429
NMM,0.852659574468085,0.9680851063829788,80.79,0.7074468085106383
HEI-A,0.8524572649572649,0.9401709401709402,257.47,0.8717948717948718
QTWO,0.8523098243009155,0.8151447661469933,47.91,0.6966666666666667
BBWI,0.8520958083832335,0.4491017964071856,18.9,0.6197604790419161
MSM,0.8520286396181385,0.9236276849642004,125.405,0.8162291169451074
SGI,0.8519230769230769,0.8671328671328671,64.37,0.6993006993006993
RUM,0.8516304347826087,0.5597826086956522,9.7376,0.5543478260869565
WAY,0.8516198704103671,0.5118790496760259,23.46,0.5701943844492441
DLO,0.8515452538631346,0.4768211920529801,14.67,0.5540838852097131
CRDO,0.8513473053892217,0.6616766467065869,274.175,0.9760479041916168
RBLX,0.8513333333333334,0.5777777777777777,40.86,0.7866666666666666
MD,0.8512285012285014,0.7714987714987716,25.88,0.6326781326781327
KN,0.8507645259938836,0.8226299694189603,38.81,0.6636085626911316
PKX,0.8506459948320413,0.9121447028423773,53.2,0.6770025839793282
LOPE,0.8506250000000001,0.975,159.31,0.9
GGG,0.8504587155963302,0.8562691131498471,77.75,0.7737003058103975
BILL,0.8503685503685502,0.6707616707616708,44.63,0.769041769041769
CLDX,0.8502659574468086,0.8430851063829787,39.93,0.6276595744680851
CON,0.8502427184466019,0.7742718446601942,34.48,0.720873786407767
OVV,0.8496753246753247,0.6103896103896104,64.03,0.75
PRLB,0.8495381062355658,0.9676674364896074,88.4,0.7852193995381063
DG,0.849501661129568,0.9169435215946844,131.19,0.8471760797342193
SPHR,0.849379652605459,0.935483870967742,175.09,0.913151364764268
ADIG,0.849236641221374,0.7531806615776081,28.9,0.5699745547073791
GIS,0.8492273730684327,0.4083885209713024,37.77,0.6887417218543046
NKTR,0.8492211838006231,0.881619937694704,76.75,0.7632398753894081
S,0.8490909090909091,0.3792207792207792,22.71,0.6831168831168831
APLD,0.848967551622419,0.2389380530973451,27.74,0.7905604719764012
ACN,0.8487637362637362,0.5412087912087912,167.385,0.9010989010989012
COHU,0.8486404833836858,0.716012084592145,57.485,0.6918429003021148
GILD,0.848404255319149,0.7393617021276596,136.36,0.8936170212765957
ALB,0.8482332155477033,0.8445229681978799,143.795,0.9434628975265018
CCEP,0.8481277533039647,0.8259911894273128,106.1,0.8325991189427313
VPG,0.8480637813211844,0.9225512528473804,150.71,0.8291571753986332
FNV,0.8477272727272727,0.9282296650717704,221.88,0.8732057416267942
SRRK,0.847695852534562,0.7788018433179723,61.07,0.663594470046083
PEGA,0.8475388601036268,0.5647668393782384,29.52,0.6411917098445595
SNX,0.8475342465753424,0.9561643835616438,245.42,0.9068493150684932
PPLI,0.8473441108545035,0.7782909930715936,46.43,0.6628175519630485
EQNR,0.8470744680851063,0.6063829787234043,36.06,0.6835106382978723
AMGN,0.8470744680851063,0.8962765957446809,407.83,0.9574468085106383
KWR,0.8469534050179212,0.967741935483871,162.655,0.8028673835125448
DEO,0.8468232185475622,0.8329355608591885,92.8,0.7928571428571428
DAC,0.8466360856269113,0.9847094801223242,137.44,0.8134556574923547
NICE,0.8465401785714286,0.921875,105.25,0.8459821428571429
ASML,0.8464523281596452,0.9822616407982262,1989.44,0.9977827050997784
E,0.8462418300653596,0.8725490196078431,53.7799,0.7124183006535948
PCTY,0.8459652037472887,0.8903225806451613,138.68,0.8261802575107297
LBRDK,0.8449346405228757,0.630718954248366,35.0,0.6666666666666666
HCI,0.8448763250883392,0.9893992932862192,196.0,0.9469964664310954
MWH,0.8446843853820598,0.6578073089700996,33.21,0.7142857142857143
CENX,0.844642857142857,0.7261904761904762,51.23,0.780952380952381
PHVS,0.8444162436548224,0.949238578680203,37.945,0.700507614213198
APPN,0.8440617577197149,0.7838479809976246,34.64,0.7315914489311164
FLUT,0.844055944055944,0.9090909090909092,101.78,0.902097902097902
AIZ,0.8438666666666665,0.9786666666666668,301.46,0.9626666666666668
VSXY,0.8434713375796178,0.9235668789808916,87.41,0.929936305732484
OLLI,0.8432475884244374,0.752411575562701,75.78,0.8070739549839229
PODD,0.843188854489164,0.9226006191950464,148.03,0.8668730650154799
MCHP,0.8431116389548694,0.5463182897862233,84.69,0.8954869358669834
NEO,0.8430555555555556,0.4545454545454545,15.49,0.5984848484848485
CTVA,0.8430420711974109,0.8381877022653722,90.371,0.8737864077669902
BKR,0.843013698630137,0.5616438356164384,57.58,0.7698630136986301
PCAR,0.8429646350639579,0.7765237020316027,125.91,0.8671171171171171
NOG,0.8426861702127658,0.5638297872340425,20.36,0.6409574468085106
DSGX,0.8425531914893616,0.8531914893617021,75.91,0.7329787234042553
SLDE,0.8425339366515836,0.5859728506787331,21.725,0.5226244343891403
AAON,0.8421926910299002,0.8803986710963455,90.65,0.840531561461794
RBC,0.842065868263473,0.9910179640718564,513.95,0.9640718562874252
QCOM,0.8418918918918918,0.542997542997543,207.005,0.8722358722358723
IFF,0.8418882978723403,0.7845744680851063,88.07,0.8617021276595744
WLYB,0.8417333333333332,1.0,54.28,0.6613333333333333
PLNT,0.8409235668789808,0.8885350318471338,55.25,0.8343949044585988
GNRC,0.8407621247113164,0.9353348729792148,218.63,0.9030023094688222
TNET,0.8407161803713528,0.920424403183024,70.99,0.7771883289124668
TBBK,0.8406741573033707,0.898876404494382,66.54,0.702247191011236
UAL,0.8406581740976644,0.6072186836518046,130.54,0.8938428874734607
WK,0.840625,0.8638392857142857,73.75,0.8258928571428571
GTES,0.8405149051490515,0.6531165311653117,27.98,0.6558265582655827
NXT,0.8404328018223234,0.7175398633257403,119.425,0.8337129840546698
ADPT,0.8403397027600849,0.4819532908704883,19.34,0.5498938428874734
DAO,0.8403323262839878,0.9395770392749244,18.48,0.5649546827794562
CLSK,0.8402654867256637,0.1386430678466076,14.335,0.7197640117994101
ARE,0.8402298850574713,0.7149425287356321,50.55,0.7701149425287356
SAIA,0.8400954653937946,0.9952267303102624,381.365,0.9713603818615753
AXSM,0.8396892655367232,0.9717514124293786,222.35,0.9293785310734464
SKHY,0.8396860986547086,0.4304932735426009,165.65,0.9461883408071748
GEF,0.839625,0.9675,87.21,0.735
TPR,0.8394495412844036,0.7981651376146789,134.54,0.7798165137614679
DSC,0.8394273127753303,0.698237885462555,7.71,0.6101321585903083
ITW,0.8392941960148286,0.8939759036144578,298.66,0.90625
MOD,0.839179104477612,0.9029850746268656,202.455,0.9626865671641792
MSI,0.8391237640640983,0.964200477326969,474.07,0.969047619047619
FORM,0.839119170984456,0.772020725388601,103.37,0.8626943005181347
XE,0.839111111111111,0.5866666666666667,18.385,0.6666666666666666
HUM,0.8390532544378699,0.9733727810650888,400.0,0.9644970414201184
JKHY,0.8388140161725067,0.876010781671159,165.6,0.9164420485175202
OXY,0.838622754491018,0.5508982035928144,54.475,0.7425149700598802
VEON,0.8385674931129476,0.9862258953168044,59.71,0.768595041322314
XMTR,0.8382262996941896,0.8165137614678899,95.57,0.7752293577981652
ESAB,0.8380382775119617,0.8875598086124402,97.27,0.7488038277511961
IOSP,0.8378666666666666,0.9706666666666668,91.96,0.8106666666666666
BDC,0.8376760563380281,0.8990610328638498,117.61,0.8345070422535211
CTSH,0.8375,0.48,55.97,0.815
ZM,0.8374025974025975,0.7532467532467533,100.27,0.8649350649350649
VCEL,0.8372098490472656,0.8418708240534521,46.23,0.6622222222222223
WAL,0.8367231638418079,0.8870056497175142,83.41,0.7740112994350282
CLF,0.8366920152091255,0.1977186311787072,11.055,0.6311787072243346
GIB,0.8364427860696517,0.900497512437811,75.09,0.7238805970149254
MTD,0.8363636363636364,0.9975429975429976,1245.565,0.9828009828009828
YOU,0.836318407960199,0.7761194029850746,58.22,0.763681592039801
SGHC,0.8362716763005781,0.4739884393063583,15.735,0.6213872832369942
RNW,0.8359838274932614,0.4797843665768194,6.85,0.4636118598382749
WSO,0.83562874251497,0.9730538922155688,314.39,0.9461077844311376
NRG,0.835593220338983,0.847457627118644,139.98,0.9265536723163842
KMX,0.8351351351351352,0.6781326781326781,58.94,0.7665847665847666
BMNR,0.8350543478260869,0.2826086956521739,24.53,0.6956521739130435
EXK,0.8341423948220065,0.3300970873786408,11.185,0.6699029126213593
FFIV,0.8341059602649006,0.9933774834437086,407.13,0.9735099337748344
LMAT,0.834090909090909,0.9621212121212122,91.95,0.7550505050505051
SRE,0.8339805825242718,0.8673139158576052,84.26,0.7799352750809061
CWST,0.833864118895966,0.8343949044585988,91.24,0.7685774946921444
CSX,0.8337920489296635,0.5290519877675841,52.81,0.709480122324159
BROS,0.8334951456310681,0.7669902912621359,48.13,0.8333333333333334
INFQ,0.833459595959596,0.2297979797979798,15.96,0.601010101010101
CALM,0.833419689119171,0.9689119170984456,85.99,0.844559585492228
AUPH,0.8331125827814568,0.7483443708609272,17.27,0.6158940397350994
VCYT,0.8330601092896175,0.8688524590163934,51.6928,0.6994535519125683
WCN,0.8323232323232324,0.8787878787878788,159.44,0.8585858585858586
NTAP,0.8322597366781407,0.8212669683257918,163.55,0.90744920993228
ECG,0.8321969696969697,0.9204545454545454,147.29,0.9166666666666666
SIND,0.831958762886598,0.9003436426116839,17.13,0.5463917525773195
BHC,0.8318428184281842,0.3983739837398374,6.89,0.4932249322493225
RS,0.8318385650224215,0.9730941704035876,407.58,0.9417040358744396
PRMB,0.831781914893617,0.5664893617021277,25.32,0.6223404255319149
BP,0.8315614617940199,0.6146179401993356,44.48,0.6993355481727574
EFX,0.8312095032397409,0.8596112311015118,172.07,0.8876889848812095
BOOT,0.8308486238532111,0.944954128440367,161.22,0.908256880733945
XNCR,0.83,0.7218390804597701,27.52,0.5747126436781609
NG,0.8299492385786802,0.5380710659898477,9.365,0.5583756345177665
FBP,0.8299435028248587,0.7429378531073446,28.86,0.6045197740112994
PSN,0.8298165137614678,0.768348623853211,47.67,0.7064220183486238
GRND,0.8298013245033111,0.5783664459161147,15.69,0.4834437086092715
CPRT,0.8297720797720798,0.3817663817663818,31.61,0.7321937321937322
ETOR,0.8296357615894039,0.8807947019867549,29.67,0.6423841059602649
EGO,0.8294964028776978,0.6714628297362111,45.72,0.7649880095923262
ECPG,0.8288691896806455,0.9522673031026252,97.88,0.819047619047619
KNF,0.8286866359447004,0.8847926267281107,78.84,0.7857142857142857
CGNX,0.8284900284900286,0.7663817663817664,65.63,0.8376068376068376
AIP,0.8283492822966507,0.784688995215311,47.36,0.7057416267942583
IMNM,0.8280575539568344,0.6618705035971223,30.03,0.6115107913669064
NVMI,0.8279097387173396,0.98812351543943,473.99,0.9643705463182898
RIOT,0.8277258566978193,0.3177570093457944,23.44,0.6978193146417445
PLD,0.8276008492569003,0.7006369426751592,150.06,0.8152866242038217
BRZE,0.8274025974025974,0.6519480519480519,34.09,0.7428571428571429
NP,0.8273127753303965,0.788546255506608,34.1,0.6585903083700441
TM,0.8272727272727274,0.946969696969697,194.9,0.8787878787878788
PCOR,0.8272321428571429,0.6830357142857143,62.17,0.7633928571428571
TMUS,0.8272300469483568,0.7417840375586855,180.09,0.9061032863849764
ERAS,0.8269461077844311,0.4850299401197604,19.15,0.6227544910179641
EEFT,0.8268488745980708,0.864951768488746,72.32,0.8263665594855305
CRM,0.8265734265734265,0.8216783216783217,256.0,0.8461538461538461
VSNT,0.8263984543698147,0.6825775656324582,38.22,0.6702380952380952
CDW,0.8263888888888888,0.8383838383838383,130.06,0.8712121212121212
PM,0.8262222222222222,0.76,195.5,0.8888888888888888
NCNO,0.826103896103896,0.561038961038961,23.32,0.6363636363636364
AMD,0.8260479041916168,0.5508982035928144,562.09,0.994011976047904
BCAX,0.8260162601626015,0.7804878048780488,30.695,0.4674796747967479
HLI,0.8259213759213758,0.9312039312039312,142.9,0.8648648648648649
LFST,0.8257679180887372,0.3959044368600682,12.185,0.4846416382252559
AVTR,0.8257500000000001,0.27,14.38,0.54625
BCO,0.8257446808510638,0.9127659574468086,117.77,0.7978723404255319
LUNR,0.8257322175732216,0.3263598326359833,19.285,0.6485355648535565
RYAAY,0.8256716417910447,0.7582089552238805,67.29,0.7194029850746269
AVT,0.8254666666666666,0.856,97.22,0.792
SOLV,0.8251015275278046,0.7634408602150538,86.17,0.7553648068669528
CXT,0.8247041420118343,0.8905325443786982,45.35,0.7218934911242604
RHP,0.8246284501061572,0.9044585987261148,129.77,0.7876857749469215
TGT,0.824317617866005,0.71712158808933,161.6281,0.8535980148883374
CBOE,0.8242990654205608,0.9657320872274144,259.94,0.956386292834891
IOVA,0.8242979315831344,0.0930787589498806,6.21,0.6
EMR,0.8241626794258374,0.7751196172248804,145.235,0.8277511961722488
MUR,0.8238636363636364,0.6994949494949495,36.02,0.5833333333333334
CNR,0.8237938970337537,0.8949880668257757,89.98,0.8476190476190476
ATHM,0.8232708016059808,0.6752688172043011,23.01,0.4742489270386266
NEXA,0.8227817745803357,0.7122302158273381,15.4,0.5683453237410072
TNL,0.822568093385214,0.8715953307392996,76.025,0.7354085603112841
JAZZ,0.8225321888412017,0.9742489270386266,264.9,0.944206008583691
JAN,0.8224919093851133,0.8252427184466019,30.9,0.6245954692556634
UTI,0.8224061810154525,0.8057395143487859,47.02,0.7615894039735099
SMMT,0.8221198156682027,0.4285714285714285,14.55,0.4930875576036866
WMB,0.822005988023952,0.6766467065868264,74.41,0.7904191616766467
SGRY,0.8219155844155843,0.5292207792207793,16.51,0.577922077922078
LSCC,0.8217090069284064,0.8314087759815243,138.0,0.8314087759815243
DYN,0.8215976331360947,0.6923076923076923,19.2,0.5621301775147929
FDXF,0.8213169642857142,0.875,151.99,0.9308035714285714
PVH,0.8212218649517684,0.8745980707395499,78.46,0.8102893890675241
BX,0.8212062256809338,0.7237354085603113,147.85,0.8910505836575876
TDS,0.8209003215434082,0.7170418006430869,35.51,0.662379421221865
LGN,0.8208108108108109,0.7567567567567568,69.295,0.745945945945946
KTOS,0.8207736389684814,0.6131805157593123,55.9,0.7535816618911175
PDFS,0.820620842572062,0.8292682926829268,70.79,0.7317073170731707
BSBR,0.8205962059620595,0.4471544715447154,5.67,0.4173441734417344
BHFAP,0.8200647249190938,0.9902912621359224,14.205,0.4789644012944983
FTNT,0.8196103896103896,0.7610389610389611,172.78,0.9584415584415584
CHDN,0.8194055944055945,0.951048951048951,89.9,0.8129370629370629
SIRI,0.8192926045016078,0.4694533762057878,29.695,0.6881028938906752
MTDR,0.8190298507462686,0.7213930348258707,48.95,0.6393034825870647
HD,0.8190021231422504,0.7855626326963907,342.86,0.9639065817409768
LXP-PC,0.8189095127610209,1.0,49.25,0.642691415313225
RUN,0.8188959660297239,0.2377919320594479,14.42,0.4904458598726114
RCUS,0.8187315634218288,0.7640117994100295,28.625,0.7020648967551623
TTE,0.8181952662721893,0.8609467455621301,81.39,0.7662721893491125
PLGO,0.8180167597765362,0.8519553072625698,23.84,0.5502793296089385
ACHR,0.8179190751445088,0.0346820809248554,5.31,0.6127167630057804
GDS,0.8179166666666666,0.6583333333333333,34.69,0.6541666666666667
PURR,0.8178343949044586,0.2101910828025477,11.835,0.5843949044585988
OCUL,0.8177811550151977,0.5045592705167173,10.735,0.4483282674772036
ATAI,0.8177631578947367,0.1868421052631579,7.155,0.5
VST,0.8176975945017182,0.6735395189003437,166.215,0.8831615120274914
KOD,0.8174450549450548,0.8461538461538461,40.63,0.6978021978021978
TPL,0.8171159029649596,0.9838274932614556,364.97,0.9568733153638814
SBRA,0.8168618266978922,0.522248243559719,22.0628,0.5526932084309133
MAT,0.8167235494880546,0.4846416382252559,13.995,0.5085324232081911
FND,0.8166666666666668,0.6604938271604939,58.415,0.6635802469135802
PCG,0.816611295681063,0.1727574750830564,14.07,0.5548172757475083
CMPR,0.8163956639566395,0.956639566395664,98.7,0.7723577235772358
BG,0.8163430420711973,0.9385113268608414,121.04,0.8770226537216829
LCID,0.8162162162162162,0.0761670761670761,5.95,0.5773955773955773
HUBB,0.8161202185792349,0.994535519125683,512.955,0.9726775956284152
DV,0.8160714285714284,0.4452380952380952,13.21,0.4869047619047619
NTSK,0.8157517899761336,0.3579952267303102,14.27,0.5417661097852029
AGI,0.8157333333333333,0.552,31.26,0.6666666666666666
NVR,0.8155807365439093,1.0,6424.08,1.0
FLEX,0.8155637254901961,0.6715686274509803,161.075,0.8897058823529411
VG,0.8155290102389079,0.2320819112627986,13.395,0.658703071672355
SNDX,0.8153846153846154,0.6648351648351648,24.56,0.5714285714285714
SSRM,0.8153005464480875,0.6666666666666666,31.31,0.6830601092896175
NEU,0.8152849740932643,1.0,860.05,0.9740932642487048
USAR,0.8151057401812689,0.2628398791540785,19.445,0.6555891238670695
CSL,0.8150743099787686,0.9660297239915074,378.53,0.9766454352441614
TCOM,0.8149681528662421,0.8121019108280255,44.19,0.7707006369426752
TEX,0.8147435897435897,0.7307692307692307,74.58,0.7094017094017094
HL,0.8146282973621104,0.1223021582733813,20.395,0.60431654676259
FSS,0.8144366197183099,0.9178403755868544,124.55,0.8075117370892019
AMT,0.814375,0.835,179.26,0.8675
KBR,0.8143631436314362,0.6991869918699187,36.61,0.6585365853658537
PBR,0.8142857142857143,0.3089700996677741,20.3201,0.5913621262458472
GSAT,0.8142276422764227,0.8401084010840109,83.38,0.7344173441734417
COGT,0.813972286374134,0.651270207852194,42.84,0.6443418013856813
RIVN,0.8134426229508196,0.160655737704918,18.805,0.5442622950819672
VRDN,0.8133956386292835,0.5420560747663551,20.59,0.5794392523364486
SWKS,0.8133440514469453,0.5562700964630225,72.545,0.8906752411575563
SHEL,0.812624584717608,0.7807308970099668,93.64,0.7541528239202658
SLBT,0.8126077586206896,0.5021551724137931,5.99,0.4892241379310345
WULF,0.8122754491017964,0.1796407185628742,23.625,0.5449101796407185
CVLT,0.812111111111111,0.9377777777777778,149.46,0.8733333333333333
GRBK,0.8118895966029724,0.9341825902335456,80.22,0.7983014861995754
ADM,0.8114886731391586,0.883495145631068,84.55,0.8122977346278317
SSD,0.8114010989010989,0.9807692307692308,205.75,0.8791208791208791
FOXA,0.8113960113960113,0.6296296296296297,69.04,0.8205128205128205
LPLA,0.8112466124661246,0.9539295392953928,353.7,0.9376693766937668
TT,0.8112466124661246,0.948509485094851,454.95,0.940379403794038
ARQT,0.8106382978723404,0.7021276595744681,27.67,0.574468085106383
SANM,0.8106194690265488,0.9705014749262536,207.36,0.9557522123893806
MARA,0.8104304635761589,0.0794701986754966,11.15,0.7036423841059603
MIAX,0.8104072398190045,0.6538461538461539,41.65,0.6210407239819005
CCI,0.8103975535168196,0.7706422018348624,79.66,0.8409785932721713
RUSHA,0.8103535353535352,0.8838383838383839,82.44,0.7196969696969697
IAG,0.8102137767220902,0.3847980997624703,18.32,0.5914489311163895
EVR,0.81015625,0.9955357142857144,312.43,0.9553571428571428
XXI,0.809933774834437,0.5728476821192053,6.19,0.4602649006622517
NUVB,0.8097345132743362,0.2064896755162241,6.3101,0.5073746312684366
MPC,0.8097035040431266,0.908355795148248,336.42,0.9622641509433962
LRN,0.8094411371083114,0.8387096774193549,95.88,0.759656652360515
CR,0.8093896713615023,0.9647887323943662,226.14,0.8779342723004695
LEGN,0.8092879256965945,0.6377708978328174,21.92,0.5851393188854489
GFI,0.809025787965616,0.5931232091690545,37.585,0.7449856733524355
V,0.8087378640776699,0.9029126213592232,382.41,0.964401294498382
SUNC,0.8086687306501548,0.9504643962848296,77.93,0.718266253869969
EBAY,0.8078671328671329,0.8846153846153846,105.62,0.8251748251748252
GPCR,0.8075443786982249,0.878698224852071,48.48,0.7455621301775148
DB,0.8075409836065572,0.5409836065573771,35.975,0.6229508196721312
SUNB,0.8074162679425838,0.6889952153110048,77.25,0.7870813397129187
MCK,0.8072340425531914,0.9702127659574468,841.31,0.9893617021276596
LSTR,0.8070460704607046,0.951219512195122,174.77,0.8184281842818428
ZWS,0.8068407960199006,0.8208955223880597,51.885,0.6069651741293532
EPAM,0.8065194517513499,0.7612903225806451,100.4,0.7725321888412017
FANG,0.8065159574468084,0.8856382978723404,191.6,0.9042553191489362
CARG,0.8062841530054645,0.7814207650273224,30.57,0.7049180327868853
BB,0.8062499999999999,0.0931372549019607,10.4,0.5661764705882353
CEG,0.8062146892655366,0.8813559322033898,274.9,0.96045197740113
CLBT,0.8061538461538461,0.5384615384615384,11.0,0.4123076923076923
APA,0.8059466019417475,0.5339805825242718,41.02,0.7087378640776699
FRMI,0.8059299191374663,0.0862533692722372,7.12,0.5808625336927223
KNX,0.8055066079295153,0.5881057268722467,77.32,0.711453744493392
VGNT,0.8051282051282052,0.7226107226107226,46.67,0.662004662004662
IONS,0.8049202127659574,0.8590425531914894,86.33,0.7420212765957447
STC,0.8045325779036826,0.9461756373937678,68.145,0.7535410764872521
XNDU,0.8044258373205742,0.361244019138756,13.955,0.5717703349282297
EC,0.8043956043956044,0.7087912087912088,17.44,0.5906593406593407
PTC,0.804083885209713,0.8543046357615894,119.78,0.8388520971302428
MOG-A,0.8039906103286385,0.9859154929577464,421.92,0.9061032863849764
CHE,0.8036069651741293,0.9975124378109452,541.465,0.972636815920398
POST,0.8034965034965035,0.9545454545454546,85.35,0.8356643356643356
CFG,0.8033039647577093,0.5638766519823789,74.17,0.6585903083700441
KVYO,0.8031168831168831,0.4077922077922078,19.61,0.638961038961039
JBS,0.8030516431924882,0.2934272300469484,13.58,0.4671361502347418
LNC,0.802720207253886,0.6528497409326425,46.295,0.6269430051813472
GM,0.8026666666666666,0.6044444444444445,82.84,0.7555555555555555
RUSHB,0.802340425531915,0.9787234042553192,78.25,0.6776595744680851
AS,0.8022935779816514,0.5321100917431193,34.005,0.4862385321100917
PSNY,0.8021671826625386,0.9256965944272446,14.59,0.4380804953560371
COKE,0.801923076923077,0.925824175824176,199.07,0.8928571428571429
AA,0.8018867924528302,0.5902964959568733,54.08,0.7331536388140162
AAP,0.8016819571865443,0.8195718654434251,57.95,0.8746177370030581
OGC,0.801366742596811,0.8291571753986332,30.21,0.642369020501139
ACAD,0.8012,0.7013333333333334,28.8,0.5706666666666667
RSI,0.8011560693641618,0.6763005780346821,34.52,0.7745664739884393
CIGI,0.8008591065292096,0.9347079037800688,103.41,0.8969072164948454
PDD,0.8005966587112173,0.5417661097852029,82.47,0.8042959427207638
KGC,0.8004796163069544,0.3621103117505995,29.925,0.6402877697841727
KO,0.800412087912088,0.3379120879120879,89.25,0.7032967032967034
HLNE,0.8001152073732719,0.8617511520737328,94.91,0.7995391705069125
CCJ,0.7999999999999999,0.7449856733524355,101.98,0.8997134670487106
EW,0.7998376623376623,0.5941558441558441,86.47,0.7532467532467533
NU,0.7997206703910614,0.0446927374301676,15.23,0.6033519553072626
HBM,0.7995316159250585,0.4285714285714285,23.005,0.5620608899297423
NEOG,0.7995305164319249,0.4577464788732394,11.53,0.4741784037558685
INDV,0.7993333333333332,0.7093333333333334,38.73,0.6506666666666666
ASR,0.7989234449760766,0.9976076555023924,300.185,0.8875598086124402
EQH,0.7984042553191489,0.6542553191489362,51.3,0.6954787234042553
TMC,0.7982093663911844,0.18732782369146,4.74,0.4214876033057851
BTDR,0.7981595092024539,0.2822085889570552,10.645,0.5214723926380368
WMS,0.7980066445182724,0.9368770764119602,148.39,0.893687707641196
CPRX,0.7973988439306356,0.6502890173410405,31.49,0.9913294797687862
PBR-A,0.7972527472527473,0.521978021978022,18.17,0.5906593406593407
MDT,0.7972491909385113,0.7411003236245954,92.04,0.6763754045307443
ACLS,0.7971291866028708,0.9354066985645934,191.415,0.8636363636363636
PGR,0.7970959595959597,0.8535353535353535,215.69,0.8939393939393939
BRSL,0.7970862470862471,0.4988344988344988,11.515,0.4195804195804196
DNLI,0.7970414201183433,0.7071005917159763,23.49,0.6390532544378699
WT,0.7969036697247706,0.536697247706422,21.22,0.5573394495412844
CRC,0.7968926553672316,0.847457627118644,54.48,0.6242937853107344
OMCL,0.7968193384223918,0.8269720101781171,46.35,0.7073791348600509
BALL,0.7964646464646464,0.7247474747474747,60.49,0.6590909090909091
OPLN,0.7962180153427368,0.7839643652561247,42.9,0.6577777777777778
VSH,0.7960526315789473,0.6172248803827751,63.52,0.6866028708133971
AMC,0.7960191082802548,0.0063694267515923,2.46,0.4936305732484076
CORZ,0.7957559681697612,0.2838196286472148,22.7601,0.5782493368700266
IEX,0.7957070707070707,0.9343434343434344,232.89,0.8686868686868687
PLXS,0.7953405017921147,0.956989247311828,256.08,0.8888888888888888
PATK,0.7952127659574467,0.8489361702127659,88.25,0.6808510638297872
ADEA,0.7948717948717948,0.6153846153846154,31.875,0.6317016317016317
WLY,0.7943942093541203,0.89086859688196,48.19,0.5866666666666667
NEM,0.7940366972477062,0.5290519877675841,125.575,0.8532110091743119
MCD,0.7936422413793104,0.8168103448275862,280.63,0.9008620689655172
DECK,0.7933187964373066,0.7462365591397849,103.92,0.7703862660944206
SM,0.7928753180661577,0.5623409669211196,31.805,0.6997455470737913
SOBO,0.7926861702127659,0.8324468085106383,36.01,0.5452127659574468
WAT,0.7924528301886793,0.9568733153638814,399.1,0.9272237196765498
AERO,0.7923954372623574,0.935361216730038,14.405,0.5133079847908745
GLXY,0.7923772609819122,0.4108527131782946,24.79,0.7131782945736435
LOGI,0.7921985815602838,0.9042553191489362,104.475,0.8156028368794326
LIME,0.792074592074592,0.8321678321678322,31.375,0.5664335664335665
AWK,0.7916666666666666,0.9213836477987422,139.91,0.8836477987421384
NAMS,0.7916473317865428,0.7053364269141531,32.34,0.617169373549884
HOMB,0.7914096916299559,0.5814977973568282,30.735,0.4361233480176211
XOM,0.7913563829787233,0.601063829787234,144.51,0.8404255319148937
TS,0.7913333333333333,0.8933333333333333,55.745,0.7333333333333333
NDAQ,0.7910319410319411,0.7297297297297297,91.36,0.773955773955774
BAM,0.7909703504043126,0.706199460916442,55.36,0.72911051212938
BEKE,0.7909090909090908,0.6118881118881119,18.32,0.43006993006993
ARCB,0.790692124105012,0.964200477326969,148.59,0.8735083532219571
IRM,0.7905844155844155,0.827922077922078,131.125,0.9025974025974026
PNR,0.7905004845632009,0.6537634408602151,66.77,0.6781115879828327
NHC,0.7902631578947368,0.986842105263158,227.39,0.9157894736842104
CVS,0.7898058252427184,0.7572815533980582,97.6,0.8349514563106796
MIRM,0.7896493442217273,0.8975501113585747,123.77,0.8088888888888889
WFC,0.7896440129449839,0.6472491909385113,89.265,0.86084142394822
PS,0.7894871794871794,0.9282051282051282,40.98,0.5128205128205128
TOL,0.7890835579514824,0.9137466307277629,151.82,0.8706199460916442
DKL,0.788826815642458,0.9608938547486032,54.01,0.6773743016759777
TSM,0.7887905604719765,0.8200589970501475,403.15,0.911504424778761
BCRX,0.7885638297872339,0.3457446808510638,10.99,0.3723404255319149
VERX,0.7883259911894273,0.5462555066079295,12.52,0.4074889867841409
BWIN,0.7883197228408811,0.6013363028953229,26.22,0.5577777777777778
AG,0.7882687927107063,0.2847380410022779,20.845,0.6059225512528473
QBTS,0.7881578947368422,0.1674641148325359,26.285,0.6291866028708134
MDLN,0.7880258899676376,0.5792880258899676,36.47,0.7621359223300971
KEN,0.787531806615776,0.9974554707379136,70.99,0.6692111959287532
RYAN,0.7871306936176105,0.6086021505376344,46.01,0.6201716738197425
WTM,0.786853448275862,1.0,2173.81,0.9978448275862069
PAYP,0.786489898989899,0.5959595959595959,14.61,0.4305555555555556
GMED,0.7862864077669903,0.8058252427184466,86.15,0.7378640776699029
TDY,0.7862716763005779,0.9971098265895952,657.97,0.9595375722543352
VZ,0.7860328638497651,0.284037558685446,46.38,0.6455399061032864
RAL,0.7859467455621302,0.8313609467455622,70.17,0.8165680473372781
ON,0.7857142857142857,0.3951367781155015,102.28,0.78419452887538
BFLY,0.7854961832061068,0.2290076335877862,8.625,0.4020356234096692
STNG,0.785321100917431,0.9021406727828746,79.32,0.8532110091743119
SKE,0.7852870813397129,0.7751196172248804,29.915,0.5287081339712919
TALO,0.7848404255319148,0.5877659574468085,14.23,0.4281914893617021
CHKP,0.7847902097902097,0.9685314685314684,138.32,0.8636363636363636
DKNG,0.7846153846153846,0.4405594405594406,25.26,0.5454545454545454
AGL,0.7845360824742268,0.9484536082474226,124.08,0.8625429553264605
GEF-B,0.7844961240310077,0.992248062015504,88.6,0.6046511627906976
AAPL,0.7843324250681198,0.4359673024523161,307.48,0.9237057220708448
HDB,0.784320194478208,0.3710407239819004,27.4,0.5801354401805869
SSL,0.7840807174887892,0.6098654708520179,12.285,0.5627802690582959
BAP,0.7840236686390533,0.985207100591716,386.94,0.9733727810650888
XYZ,0.7833732057416267,0.6220095693779905,74.245,0.7129186602870813
SNN,0.7832786885245901,0.6491803278688525,30.17,0.5049180327868853
NXE,0.7832579185520362,0.3484162895927601,11.1795,0.3846153846153846
CDE,0.7824940047961629,0.1175059952038369,20.925,0.5971223021582733
CCC,0.782371794871795,0.2147435897435897,7.34,0.4166666666666667
COP,0.7822847682119205,0.8211920529801324,134.89,0.8874172185430463
PAAS,0.7818820224719101,0.5280898876404494,50.595,0.7106741573033708
WU,0.7815088757396449,0.257396449704142,8.88,0.4289940828402367
HIMS,0.781043956043956,0.2252747252747252,38.03,0.6483516483516484
NWL,0.7810035842293906,0.1684587813620071,5.755,0.4086021505376344
NIC,0.7808370044052863,0.9691629955947136,173.0,0.8524229074889867
OLN,0.7803191489361703,0.5797872340425532,20.74,0.4281914893617021
EXEL,0.7802588996763755,0.8802588996763754,58.57,0.8220064724919094
SKM,0.7798013245033113,0.5827814569536424,39.0871,0.6291390728476821
HSY,0.7797979797979799,0.8737373737373737,179.27,0.898989898989899
VVX,0.7796650717703351,0.8899521531100478,83.7,0.6985645933014354
SU,0.7796052631578947,0.6875,58.95,0.7105263157894737
MNST,0.7794117647058822,0.5263157894736842,47.38,0.6594427244582043
MOS,0.7792880258899675,0.4627831715210356,25.88,0.7087378640776699
MO,0.779245283018868,0.6446540880503144,68.47,0.7562893081761006
ADP,0.7790849673202614,0.8562091503267973,277.81,0.9281045751633988
BEP,0.7784366576819407,0.7951482479784366,34.23,0.6361185983827493
CYTK,0.777906976744186,0.689922480620155,74.405,0.627906976744186
CAAP,0.7778708133971292,0.8708133971291866,28.12,0.5191387559808612
WF,0.77782874617737,0.981651376146789,64.09,0.7920489296636085
BGSI,0.7777932960893854,0.9972067039106144,95.05,0.7849162011173184
MLYS,0.777652733118971,0.639871382636656,27.83,0.7041800643086816
ARIS,0.7773755656108597,0.5542986425339367,15.8847,0.4343891402714932
UNF,0.777304964539007,0.9858156028368794,291.705,0.9113475177304964
ATRC,0.7771704180064309,0.7942122186495176,51.365,0.7202572347266881
UEC,0.7765861027190332,0.2507552870090634,12.44,0.4954682779456193
GXO,0.7764127764127764,0.7886977886977887,52.29,0.7272727272727273
CHD,0.7757861635220126,0.9119496855345912,102.53,0.8364779874213837
SMR,0.7757731958762886,0.1099656357388316,9.9299,0.4742268041237113
TLX,0.7754019292604502,0.819935691318328,11.44,0.3215434083601286
CMG,0.7752559726962457,0.3924914675767918,36.57,0.6757679180887372
ALL,0.7751262626262626,0.9267676767676768,231.55,0.9065656565656566
SCHW,0.7748251748251748,0.7727272727272727,110.16,0.7342657342657343
CXW,0.774715909090909,0.6875,34.56,0.5568181818181818
JHX,0.7746411483253588,0.4593301435406698,25.91,0.5789473684210527
CGON,0.7744394618834081,0.8340807174887892,71.98,0.7085201793721974
REGN,0.7742718446601942,0.9935275080906149,852.03,0.9902912621359224
WBD,0.7742320819112627,0.3412969283276451,27.1605,0.4573378839590443
SUI,0.7734977409638554,0.7927710843373494,126.4961,0.7115384615384616
YSS,0.7734501347708894,0.4663072776280323,15.83,0.3935309973045822
IONQ,0.7730547550432276,0.2420749279538905,34.94,0.5821325648414986
CVX,0.7728476821192052,0.8377483443708609,206.14,0.8841059602649006
WMT,0.7728155339805824,0.5631067961165048,106.49,0.7961165048543689
VC,0.7723970944309927,0.9152542372881356,104.77,0.7772397094430993
UUUU,0.7721649484536083,0.2920962199312715,15.225,0.563573883161512
NVO,0.7713592233009708,0.5242718446601942,46.77,0.8025889967637541
B,0.7713483146067417,0.3820224719101123,45.35,0.6573033707865169
MBLY,0.7712662337662337,0.2564935064935065,8.095,0.3701298701298701
HPE,0.7707119741100323,0.4207119741100323,52.15,0.7378640776699029
FISV,0.7704918032786886,0.639344262295082,49.645,0.6065573770491803
A,0.7696172248803829,0.7942583732057417,138.825,0.8133971291866029
HMY,0.769409282700422,0.5021097046413502,23.49,0.5316455696202531
CRUS,0.7688102893890675,0.9067524115755627,113.71,0.8585209003215434
PACS,0.7682492581602374,0.7329376854599406,43.135,0.6083086053412463
GEO,0.7679936305732483,0.8343949044585988,30.6,0.6751592356687898
BWLP,0.7678947368421052,0.8105263157894737,24.825,0.5052631578947369
ERIC,0.7677474402730375,0.2935153583617747,11.715,0.3412969283276451
PBLS,0.7675958188153311,0.8362369337979094,39.11,0.6027874564459931
SPB,0.7674911660777386,0.9469964664310954,93.23,0.7420494699646644
TRMB,0.7673708920187793,0.6596244131455399,52.91,0.647887323943662
BOBS,0.7668537490720119,0.5835189309576837,16.18,0.4044444444444444
CVE,0.7658682634730538,0.4910179640718562,26.54,0.5868263473053892
OSCR,0.7654811715481171,0.5271966527196653,33.125,0.7447698744769874
SRCE,0.7652974504249291,0.9830028328611898,86.265,0.6827195467422096
VALE,0.7644021739130434,0.2934782608695652,15.115,0.5081521739130435
MTCH,0.7639999999999999,0.7046153846153846,38.69,0.6461538461538462
LNG,0.7635761589403973,0.97682119205298,291.69,0.9536423841059604
EOSE,0.7631656804733727,0.0798816568047337,7.6,0.4467455621301775
WY,0.7627240143369175,0.4767025089605735,25.005,0.5268817204301075
BKD,0.7617841409691629,0.3414096916299559,15.285,0.3348017621145374
SYK,0.7595744680851063,0.7801418439716312,333.515,0.975177304964539
ONDS,0.7595555555555555,0.0266666666666666,8.4,0.44
BRKR,0.7593676814988289,0.7002341920374707,60.47,0.7213114754098361
XYL,0.7581365848007415,0.744578313253012,125.5,0.7307692307692307
PAC,0.7580645161290323,0.9861751152073732,216.0,0.8617511520737328
UPST,0.7569148936170214,0.4521276595744681,31.59,0.598404255319149
BULL,0.7563380281690141,0.1267605633802817,9.76,0.3661971830985915
MDLZ,0.7563291139240507,0.4472573839662447,65.395,0.6413502109704642
APH,0.7563291139240506,0.5822784810126582,152.59,0.869198312236287
SBSW,0.7560526315789473,0.3526315789473684,12.67,0.3894736842105263
ORLY,0.7559210526315789,0.4473684210526316,86.16,0.6868421052631579
MA,0.755817610062893,0.9559748427672956,599.86,0.9842767295597484
LAZ,0.7553672316384181,0.8022598870056498,45.69,0.5875706214689266
GLUE,0.7550295857988165,0.7603550295857988,24.56,0.6301775147928994
CRVL,0.7547348484848485,0.9507575757575758,63.66,0.7462121212121212
XP,0.7545016077170418,0.3697749196141479,19.86,0.4983922829581994
HCM,0.7544280442804427,0.911439114391144,12.72,0.3653136531365313
HXL,0.7542600896860987,0.8654708520179372,110.3,0.7488789237668162
WOR,0.7538585209003216,0.9517684887459807,59.055,0.7106109324758842
RELX,0.7536319612590798,0.5811138014527845,34.475,0.5326876513317191
SUZ,0.7532467532467533,0.5194805194805194,9.07,0.354978354978355
TRLV,0.7529720279720279,0.7237762237762237,11.82,0.4842657342657342
FNF,0.7527845036319613,0.7094430992736077,51.66,0.6803874092009685
SKHYV,0.7519691780821918,0.4075342465753425,168.01,1.0
ONON,0.7499999999999999,0.5692883895131086,38.45,0.6666666666666666
RGLD,0.7482258064516129,0.9387096774193548,248.26,0.9516129032258064
OCTV,0.7475384615384615,0.6923076923076923,18.63,0.4246153846153846
GRC,0.747457627118644,0.973365617433414,82.12,0.6319612590799032
BMY,0.7469283276450511,0.5836177474402731,59.18,0.7133105802047781
VSTS,0.7460975609756098,0.4658536585365854,16.75,0.3817073170731707
DJT,0.7457765667574932,0.3079019073569482,8.61,0.2561307901907357
MANU,0.745397489539749,0.8619246861924686,24.22,0.5062761506276151
AEO,0.7444262295081967,0.3540983606557377,17.39,0.4868852459016393
CCK,0.7442196531791908,0.8265895953757225,120.73,0.7283236994219653
SBS,0.7441747572815535,0.1909385113268608,5.105,0.3236245954692556
MS,0.744078947368421,0.7192982456140351,229.79,0.8508771929824561
RELY,0.7438906752411576,0.4983922829581994,27.08,0.572347266881029
TGB,0.7434707903780069,0.3127147766323024,7.925,0.415807560137457
WWD,0.7426229508196721,0.9836065573770492,415.62,0.9453551912568308
CGAU,0.742295081967213,0.5016393442622951,16.58,0.419672131147541
RLI,0.741254752851711,0.8631178707224335,61.36,0.6996197718631179
GE,0.7409937888198758,0.8509316770186336,356.43,0.9316770186335404
HTH,0.7409348441926346,0.8810198300283286,39.97,0.5920679886685553
DIS,0.7406091370558375,0.7614213197969543,110.245,0.7817258883248731
PTEN,0.7404191616766466,0.3592814371257485,9.755,0.3473053892215569
EGIEY,0.7401408450704224,0.9154929577464788,5.94,0.1126760563380281
TECK,0.7397338403041824,0.7490494296577946,59.225,0.6692015209125475
NTR,0.7370967741935484,0.7903225806451613,73.34,0.7311827956989247
SONY,0.7370317002881843,0.3487031700288184,22.33,0.4293948126801152
WRD,0.735981308411215,0.4299065420560747,6.1111,0.3411214953271028
TGS,0.7352059925093632,0.8689138576779026,30.665,0.6329588014981273
FRO,0.7350877192982457,0.5394736842105263,38.99,0.5350877192982456
INFY,0.733617747440273,0.1843003412969283,11.425,0.4163822525597269
GMAB,0.7328897338403042,0.4980988593155893,27.56,0.4144486692015209
NKE,0.7320557491289198,0.337979094076655,40.545,0.5400696864111498
COMP,0.731967213114754,0.2229508196721311,12.525,0.3639344262295082
EA,0.731420233463035,0.8404669260700389,209.7,1.0
DOW,0.7310580204778157,0.4402730375426621,30.175,0.6518771331058021
QRVO,0.7302250803858521,0.842443729903537,101.34,0.8778135048231511
BR,0.7295597484276729,0.8930817610062893,172.9501,0.7358490566037735
JNJ,0.7292682926829268,0.7154471544715447,269.02,0.8983739837398373
LYB,0.7275449101796406,0.6646706586826348,56.725,0.7065868263473054
RLAY,0.7272357723577235,0.4186991869918699,20.02,0.3821138211382114
LVS,0.7269230769230769,0.7342657342657343,45.04,0.4895104895104895
MGY,0.726457399103139,0.6053811659192825,26.315,0.4887892376681614
KLAR,0.726,0.5111111111111111,14.625,0.4577777777777778
KD,0.7240437158469943,0.5027322404371585,12.17,0.4043715846994535
ORLA,0.7232673267326732,0.3861386138613861,9.44,0.3217821782178218
JD,0.7230538922155688,0.4790419161676646,27.575,0.5149700598802395
CNQ,0.721556886227545,0.5269461077844312,42.41,0.6616766467065869
TAK,0.7197247706422019,0.5045871559633027,18.085,0.3119266055045872
ZBH,0.7186936936936937,0.7657657657657657,95.11,0.7432432432432432
ENSG,0.7175141242937852,0.9774011299435028,156.86,0.903954802259887
KMB,0.7167235494880547,0.7679180887372014,109.725,0.8225255972696246
INTC,0.7152542372881355,0.2824858757062147,106.265,0.8248587570621468
FAST,0.7151877133105803,0.6109215017064846,46.96,0.409556313993174
FPS,0.7150709219858156,0.5460992907801419,40.92,0.5780141843971631
UMC,0.7136363636363636,0.3251748251748251,19.79,0.4685314685314685
CBRE,0.7134146341463414,0.8252032520325203,144.72,0.7215447154471545
EMAT,0.7131147540983604,0.907103825136612,7.2701,0.3005464480874317
NOK,0.7126637554585152,0.0262008733624454,10.38,0.4017467248908297
ELPC,0.7112637362637363,0.8791208791208791,11.85,0.3956043956043956
JOBY,0.7101156069364161,0.0462427745664739,7.47,0.3106936416184971
UGP,0.7080645161290323,0.3279569892473118,6.525,0.2526881720430107
RMBS,0.7065602836879432,0.7872340425531915,104.5,0.7375886524822695
PSO,0.7064912280701754,0.7017543859649122,17.59,0.3263157894736842
ALHC,0.7032258064516128,0.423963133640553,14.38,0.4331797235023041
BTSG,0.7020179372197309,0.7443946188340808,71.21,0.7757847533632287
LUV,0.6980874316939891,0.6120218579234973,48.09,0.6502732240437158
FIS,0.6926829268292684,0.4512195121951219,43.185,0.5487804878048781
KMI,0.6914746543778802,0.4470046082949309,32.115,0.4838709677419355
KEEL,0.6901129943502825,0.0734463276836158,5.955,0.2598870056497175
JBTM,0.6893442622950819,0.9672131147540984,132.665,0.8688524590163934
BTE,0.6890784982935153,0.0648464163822525,4.265,0.1877133105802047
RIG,0.6824232081911262,0.0511945392491467,5.395,0.1911262798634812
FNB,0.6819112627986348,0.515358361774744,18.925,0.1296928327645051
FRSH,0.6796928327645051,0.1945392491467577,10.825,0.4044368600682594
ROKU,0.671311475409836,0.8579234972677595,138.8,0.6612021857923497
SAIC,0.6664893617021277,0.9042553191489362,120.21,0.7021276595744681
WBS,0.6654822335025381,0.7868020304568528,77.57,0.4467005076142132
HCC,0.6637168141592921,0.9380530973451328,110.98,0.8672566371681416
ROG,0.6624309392265193,0.9558011049723756,133.83,0.7845303867403315
POR,0.6624293785310734,0.8022598870056498,50.38,0.5875706214689266
UNFI,0.6615384615384615,0.9175824175824177,45.22,0.6758241758241759
SATS,0.6609289617486339,0.73224043715847,118.63,0.4426229508196721
STM,0.6559602649006622,0.4105960264900662,56.7461,0.5827814569536424
JPM,0.6556497175141243,0.8248587570621468,329.74,0.9378531073446328
PBA,0.6547297297297296,0.7837837837837838,49.29,0.5878378378378378
KEP,0.6532544378698224,0.6331360946745562,12.245,0.3609467455621302
NFLX,0.6500000000000001,0.25,77.52,0.7083333333333334
AMG,0.6493710691823898,0.9874213836477987,354.43,0.9371069182389936
EQR,0.6448369565217391,0.8315217391304348,63.66,0.782608695652174
PRKS,0.643859649122807,0.7953216374269005,47.665,0.631578947368421
HLN,0.6422279792746114,0.3937823834196891,10.165,0.2305699481865284
ACHC,0.6411764705882352,0.5980392156862745,31.665,0.5392156862745098
WDS,0.6409937888198758,0.7267080745341615,21.57,0.4285714285714285
PUK,0.6383647798742138,0.7044025157232704,29.805,0.3962264150943396
FOX,0.6254966887417218,0.7218543046357616,60.83,0.6688741721854304
MCO,0.6214689265536724,0.9830508474576272,468.03,0.9548022598870056
HIG,0.6149068322981366,0.8944099378881988,140.85,0.8012422360248447
PGEN,0.6,0.3137254901960784,7.615,0.2352941176470588
IX,0.5903100775193798,0.813953488372093,39.57,0.3875968992248062
AAL,0.5666666666666665,0.0930232558139534,16.125,0.3178294573643411
QSR,0.5654929577464789,0.7605633802816901,80.37,0.7464788732394366
SVM,0.5631782945736434,0.4031007751937984,12.6303,0.2403100775193798
ATAT,0.5319148936170213,0.7872340425531915,35.065,0.4042553191489361
CAE,0.5223404255319148,0.7446808510638298,27.37,0.4893617021276595
NVTS,0.5179347826086956,0.0434782608695652,12.6901,0.1521739130434782
MLI,0.4584615384615385,0.7076923076923077,63.71,0.5384615384615384
XPEV,0.4563829787234043,0.3404255319148936,11.375,0.3617021276595745
BSX,0.4561538461538461,0.2307692307692307,47.67,0.5230769230769231
COCO,0.4287234042553192,0.851063829787234,65.305,0.6382978723404256
AUR,0.39375,0.1,6.415,0.3
SNAP,0.3861702127659574,0.0638297872340425,5.155,0.1489361702127659
ASAN,0.3774999999999999,0.35,9.155,0.225
VIAV,0.3234042553191489,0.574468085106383,44.905,0.5106382978723404
PATH,0.2962499999999999,0.125,15.75,0.15
PLUG,0.26625,0.025,2.205,0.05
SOFI,0.2225,0.075,18.265,0.025
