,symbol,HotScore,regularMarketPrice,regularMarketChangePercent,VolumeSpike,MomentumScore,VolumeScore,VolatilityScore,TrendScore
41,AYI,0.9813936304747096,361.405,18.2956425,3.101160082639454,0.9920409331032521,0.9735113321128562,0.9876053775710534,0.9592926213486107
86,DPC,0.9813415300622443,46.332499999999996,40.401512,55032.62833333333,1.0,1.0,0.9067076503112212,1.0
2,ABVX,0.9663498098859316,133.83,39.188766,2.7132599130821675,1.0,0.988593155893536,0.9695817490494296,0.7642585551330798
36,AVAV,0.956463878326996,160.5,15.456506,3.812725930881261,0.9847908745247148,0.9961977186311788,0.9049429657794676,0.8212927756653993
212,NTRA,0.9514861995753717,259.97,10.7386,1.983735633502948,0.9808917197452228,0.9278131634819532,0.9745222929936306,0.8853503184713376
156,KBH,0.9477707006369426,61.51,16.6509,3.637814094387755,1.0,0.9915074309978767,0.8874734607218683,0.732484076433121
241,QURE,0.9472976809515271,48.453333333333326,55.782736666666665,8.019678029340948,0.9974747474747474,0.9646464646464646,0.915725300340685,0.7741019664096588
142,ICLR,0.9466029723991508,158.17,10.864200000000002,2.05347661576744,0.9830148619957536,0.929936305732484,0.954352441613588,0.8619957537154989
30,ASND,0.9410129721195346,256.394,8.604025799999999,3.0136487662241986,0.94984052006347,0.928443086693496,0.9546606035143634,0.9268158905172383
95,ENLT,0.9409090909090908,90.56,5.9553,2.4086473366965206,0.9671717171717172,0.9671717171717172,0.8333333333333334,0.9722222222222222
279,TECH,0.9398335308964403,70.62625,19.95965875,17.718887032458653,0.9954069686954811,0.9977034843477406,0.8858986916598077,0.6506513399935115
284,TLN,0.9349575648973126,409.910125,7.92713075,0.8580691327209594,0.9401647083926059,0.8921606496758271,0.9815956399475025,0.9732456158386046
236,PVLA,0.9331722345953972,148.21,8.817923,4.74812857593733,0.9266666666666666,0.9376391982182628,0.9066666666666666,0.9933184855233852
179,MAAS,0.9325757575757576,21.24,18.9916,3.0999038641158005,1.0,0.9797979797979798,0.7575757575757576,0.8813131313131313
23,APD,0.932319391634981,296.34,9.209504,0.8891330921483165,0.946768060836502,0.9315589353612168,0.9239543726235742,0.9011406844106464
114,FROG,0.9315909428359316,87.58,11.14213,7.547359503094417,0.9844444444444445,0.9821826280623608,0.8555555555555555,0.7216035634743875
150,IRDM,0.931417615325744,54.241666666666674,24.63618333333333,3.9805604627078544,0.9981132272153944,0.9969600243198055,0.8378400851581066,0.655739602568028
233,PRIM,0.9290870488322716,92.69,9.11125,2.9206771251913266,0.9639065817409768,0.9851380042462844,0.870488322717622,0.7282377919320594
234,PTCT,0.9266272189349112,78.53,7.1789303,2.333316420750247,0.9437869822485208,0.9615384615384616,0.8520710059171598,0.893491124260355
22,AMKR,0.9232160742325064,92.22833333333334,7.945145466666666,1.1472847498984937,0.9629526720385293,0.9693189250818307,0.8860866462331985,0.6970368599374073
68,CHTR,0.9210116016041568,147.255,10.1878185,3.141465195268496,0.9284788751993015,0.9829419546461811,0.8695153469075277,0.7811124177673245
286,TTAN,0.914950259836674,69.2,9.148257,8.569526224155688,0.9466666666666668,0.9933184855233852,0.78,0.799554565701559
165,KYMR,0.9149381006031149,115.21600000000001,13.35718086,4.504253125671881,0.9599534058482566,0.8997476281883241,0.8932520060913032,0.8539233747205104
301,VSAT,0.9130054251131839,78.3425,19.88734775,1.340784136067614,0.9854805509983158,0.9303168232794476,0.8545272761219224,0.7157088889158226
103,EXPE,0.909447983014862,262.15,6.96943,1.737165817831233,0.902335456475584,0.8959660297239914,0.961783439490446,0.8768577494692145
201,MU,0.9089195938320906,1213.21,15.77314775,1.4286033400628149,0.9851513861464737,0.8602931176893578,0.9977034843477406,0.6347332062000156
164,KRYS,0.9088757396449704,341.66,5.6560626,1.7594667590027702,0.8757396449704142,0.8875739644970414,0.9615384615384616,0.9940828402366864
141,IBM,0.9088383838383838,264.94,5.04322,1.8518567527665,0.9217171717171716,0.9217171717171716,0.9318181818181818,0.7727272727272727
20,AMAT,0.9087314412988132,664.2095,9.47580391,1.399903202298018,0.9155076308436778,0.8772634637277438,0.9876390607807937,0.8373374604265695
309,WDFC,0.90828025477707,244.08,7.43431,1.5660236970564696,0.9193205944798302,0.8471337579617835,0.9596602972399152,0.9808917197452228
159,KFY,0.908080808080808,71.72,5.82855,1.788408379404516,0.9646464646464646,0.914141414141414,0.7878787878787878,0.9292929292929292
257,RYTM,0.9058018548403163,99.28333333333335,6.1181178,1.9523385378455025,0.9184398222859761,0.9148088378857611,0.8542924312155081,0.9330633753710676
133,HOOD,0.9050295857988166,105.2,8.778821,2.2808223114941986,0.9792899408284024,0.9497041420118344,0.8994082840236687,0.5
63,CBRS,0.9049936570204408,214.15,17.922384166666664,1.1722476573313674,0.9856900538735083,0.8569412656819958,0.956663740629469,0.6873994705012058
190,MMYT,0.9048832271762208,51.68,10.972699999999998,2.229754349728716,0.9851380042462844,0.9554140127388536,0.7707006369426752,0.7154989384288747
61,CAT,0.9040884195673842,1052.087775,5.795943975,1.4201969049903669,0.8956044336995969,0.8598797347459017,0.9885174217387027,0.9196547626371911
215,OC,0.9022685457196132,142.39299999999997,10.571321000000001,2.357115989643771,0.951832910177483,0.8632179169549852,0.9088352279863869,0.852337106259722
218,ONTO,0.9022600959079043,351.07666666666665,7.212735333333334,1.3138865572646263,0.9186862934353398,0.8534829022616389,0.9548316837757828,0.9103454065880524
161,KLIC,0.9013235574585448,125.52800000000002,5.83016468,1.3339487655701014,0.8944576947551992,0.9447707942615631,0.850521875853803,0.8748921113191747
298,VMI,0.9006070448796787,568.7316666666667,5.199899233333333,0.5013277397512328,0.8930918938866883,0.8309514629745701,0.9859593498911914,1.0
180,MANE,0.9001319165653958,119.69,11.48566,1.8389165781641792,0.9391118188251946,0.8477650263146695,0.9190799716914366,0.9090902642815599
152,IRTC,0.8999999999999999,110.12,5.18674,1.613192088574838,0.9292929292929292,0.8888888888888888,0.8434343434343434,0.9494949494949496
148,INOD,0.8956087069836367,108.96916666666668,9.340922,0.47759916788545614,0.9885433292193567,0.803212635149155,0.9190092280873311,0.8469227383719136
52,BIO,0.895591858539215,298.55,6.60596885,1.3052538241321754,0.9234775730713506,0.8234242019471583,0.9440661513616231,0.9536300701041223
220,OUST,0.8949350541801264,53.14768,21.1715961,1.6904106952156872,0.9932885782679379,0.938675617591257,0.809909202717391,0.5676574508593009
38,AXON,0.8938565928216439,519.46875,9.093982624999999,0.9513944731649108,0.9176457037704224,0.8047257813434209,0.9767831466750271,0.9566994369679332
270,SNOW,0.8922509279881218,248.96,9.64503,2.9450491241852275,0.96,0.8396436525612472,0.9666666666666668,0.6904231625835189
299,VRNS,0.8912878787878789,35.03,7.09263,4.327816286927057,0.9873737373737372,0.98989898989899,0.6654040404040404,0.6616161616161617
143,IESC,0.8908704883227175,747.4900000000001,5.20027,2.102223789374706,0.7600849256900212,0.9384288747346071,0.9851380042462844,0.9936305732484078
189,MKSI,0.888799899807912,414.194375,6.60837525,1.3083999982147116,0.8797374902991058,0.8538973668928719,0.947601299827606,0.9250743982519865
97,ENTG,0.8873205741626794,163.02,8.304544,1.3186147220248872,0.901913875598086,0.8971291866028708,0.8755980861244019,0.8253588516746412
217,OMAB,0.8868421052631579,108.94,7.0453043,2.0093603560004247,0.8301435406698564,0.9688995215311004,0.7966507177033493,0.9784688995215312
121,GIL,0.8865384615384615,53.13,5.54231,4.452432863275002,0.8727810650887574,0.9881656804733728,0.7485207100591716,0.8550295857988166
53,BKNG,0.8850318471337578,181.25,7.28661,1.747704355072336,0.9129511677282377,0.8980891719745223,0.9384288747346071,0.6348195329087049
90,ELF,0.8845311969374209,68.43333333333332,6.943788533333333,0.7779580882713644,0.9452072891335735,0.9286602006155888,0.7872887458689717,0.7121982635141975
282,TER,0.8838884617977545,467.03,9.320943075,1.2515556468118418,0.9641692992477096,0.7660481259801073,0.9804008790696346,0.8223218715409167
75,CRWV,0.8833821553934375,115.02166666666666,7.789147366666666,0.6106894664124131,0.963388480722107,0.9016680631211799,0.8935119071978793,0.5190998360871129
294,VECO,0.8827751196172249,83.56,7.847178,2.1075326495922644,0.8732057416267942,0.9784688995215312,0.7631578947368421,0.8205741626794258
119,GEV,0.8826923076923077,1048.86,6.7705,1.3398062627741485,0.9289940828402368,0.742603550295858,1.0,0.9763313609467456
187,MHO,0.8820594479830147,158.83,6.848310000000001,1.5493619146337878,0.8874734607218683,0.8343949044585988,0.9214437367303608,0.951167728237792
83,DFTX,0.8817590202376506,43.79357142857143,10.9967754,3.7806672740773557,0.9551207154330251,0.9819402651773765,0.7186791844369971,0.6005184013661072
253,RRX,0.8815589353612168,232.905,6.0925612,0.8289350863475974,0.8479087452471483,0.9201520912547528,0.8745247148288974,0.8783269961977186
230,PLMR,0.8810279633754021,126.32,7.1962013,3.7574433420200335,0.8533333333333334,0.8975501113585747,0.8488888888888889,0.9844097995545658
122,GLW,0.8803861868749359,227.98001,10.033878900000001,1.4646013227010974,0.932343697902384,0.8681931208162842,0.9485212927646349,0.6049404177047506
42,AZO,0.8796717171717171,3046.46,3.30274,2.7385045553667706,0.6868686868686869,0.9722222222222222,0.9949494949494948,1.0
232,PRAX,0.8787420426600545,334.24,6.012932666666667,1.3800579739951138,0.8666307055524706,0.8390785463665744,0.9315577411161522,0.9543225626515836
80,DASH,0.8784688995215311,167.975,11.552002,1.1369255449655562,0.9665071770334928,0.7990430622009569,0.9234449760765552,0.7583732057416268
55,BLTE,0.8753767824618027,146.98166666666665,6.369565766666667,1.6927804728767475,0.8157517246586073,0.9053207251587819,0.8733378632164057,0.9833385238243538
21,AMBA,0.8740971855840778,73.07,12.970672650000001,1.3749806730523233,0.9304082449469683,0.8840986410027836,0.8049784416104209,0.7802408717958047
105,FCEL,0.8740705816489659,31.748333333333335,22.626164,1.7741694378866921,0.9946175754940083,0.961853049500987,0.7608082663394921,0.37144209632819075
199,MTH,0.8729299363057325,82.39,8.98148,1.5229967031420006,0.9596602972399152,0.821656050955414,0.8450106157112526,0.8046709129511678
49,BHVN,0.8729289940828402,13.62,12.6551,2.7399361331527,0.9940828402366864,0.9733727810650888,0.6331360946745562,0.5769230769230769
308,WDC,0.8713651471122215,674.6024615384615,6.848307976923077,1.1652630495333194,0.8453420727586144,0.840279952095652,0.9822942996934513,0.8493857847453806
194,MRNA,0.8712218088068694,63.623333333333335,11.896817333333333,1.8968396266525132,0.9906289721674337,0.8322065690576913,0.8655489809335962,0.6011957319135665
6,ACMR,0.870689340198027,109.898,10.54426156,1.254365202874088,0.9285312583556351,0.8190973598623261,0.8600290285359267,0.8701351811455545
210,NRIX,0.8701318652048435,22.43125,16.224095,2.5563696209148565,0.9874479017987331,0.9606442823669489,0.6641944010708969,0.5546072053267543
48,BELFA,0.8699622147594578,267.28,4.14182925,2.2745199655675212,0.7474317411927627,0.9557691099840615,0.8742586376261903,0.9899018932233128
193,MORN,0.8690118782479583,154.65,9.0313015,2.249880250014604,0.9444444444444444,0.7416481069042317,0.9155555555555556,0.9576837416481068
227,PHM,0.868895966029724,135.71,7.23825,1.5514688342516305,0.9087048832271764,0.8386411889596603,0.8959660297239914,0.7813163481953292
73,CRL,0.8674862506634455,212.71,5.24988,1.7864030247030598,0.8352939292446787,0.9058822452826736,0.8577527041124471,0.865240487563828
314,WTS,0.8665399239543726,387.705,8.016882,0.4800666886519365,0.9125475285171104,0.7452471482889734,0.946768060836502,0.9695817490494296
297,VKTX,0.866294714662549,37.105,8.47739,2.4683441019618604,0.9640352570288877,0.9698015183683973,0.6465691951360741,0.601380042462845
126,GWRE,0.8659582742795437,115.555,8.54715,1.6825506840346867,0.979090909090909,0.7430175924051202,0.8930303030303031,0.8461423814987289
174,LLY,0.8651541697599603,1208.12,7.13228,2.396748076279692,0.8488888888888889,0.77728285077951,0.9933333333333332,0.9732739420935412
4,ACIW,0.8651515151515151,45.17,5.24231,1.8773742170455567,0.9318181818181818,0.9267676767676768,0.6565656565656566,0.8333333333333334
274,STX,0.8651442933911074,996.38334,7.22163338,0.915691706347971,0.8457652338781291,0.7967214080469175,0.9907604375528634,0.9212188120676853
197,MSTR,0.8650248676798463,91.12836666666668,10.713606666666665,1.6297958982564842,0.9341304663502085,0.9445181408245705,0.8114979928645419,0.4519825659576541
185,MEDP,0.864968152866242,512.79,8.30235,1.2341556008235384,0.9469214437367303,0.6794055201698513,0.9872611464968152,0.9830148619957536
28,ARWR,0.8649408284023669,81.04,5.865444,1.6912630863868463,0.8875739644970414,0.8668639053254438,0.8224852071005917,0.863905325443787
256,RVTY,0.8637848653442164,113.07375,7.047007375,1.3099152834485104,0.9387486457843242,0.8269149028454357,0.8292560212236808,0.7995141907906425
186,MHK,0.8629511677282378,119.08999999999999,9.59874,1.283007023891994,0.9723991507430997,0.7197452229299363,0.9246284501061574,0.8577494692144375
205,NAVN,0.8613905325443786,20.99,10.299521,2.0383080074502944,0.985207100591716,0.9289940828402368,0.6715976331360947,0.5710059171597633
267,SKWD,0.8606310319227912,59.19,6.84115,7.008103033944128,0.8266666666666667,0.977728285077951,0.6866666666666666,0.9175946547884188
250,RKLB,0.8604206196653457,97.22963333333333,15.010702666666667,1.2168070569277283,0.9777872080053663,0.8675701503478881,0.8626732198263626,0.4201090027643415
54,BLDR,0.8602972399150742,85.41000000000001,11.312400000000002,1.364325031230481,0.9872611464968152,0.7664543524416136,0.8853503184713376,0.6942675159235668
144,ILMN,0.8593418259023354,175.09,6.16019,1.5531479549395855,0.8535031847133757,0.8428874734607219,0.9193205944798302,0.8174097664543525
33,ASTS,0.85869422135532,85.4951,19.658482666666668,1.1341269372758023,0.9892994795435576,0.8417479326832051,0.8730179855530853,0.4322402996533603
176,LPX,0.8585987261146496,79.69,7.44237,1.6079669744999598,0.9214437367303608,0.8619957537154989,0.7834394904458599,0.7770700636942675
173,LION,0.8583575469212307,16.078333333333333,11.892674666666666,1.6691277729851428,0.9948320413436692,0.9811338636270627,0.5624516715452829,0.542791458724179
239,QLYS,0.8570342205323194,139.8,8.94638,0.4959611119608443,0.9429657794676806,0.7680608365019012,0.8669201520912547,0.8479087452471483
81,DAVE,0.8564994500153331,327.5325,7.4345845,1.7626529795107633,0.8544763423710793,0.7693625387623746,0.9531738437001596,0.9752107287859251
276,SXI,0.8560624045544217,337.22,6.0974105000000005,1.0785521284731072,0.9069280306723624,0.7150601416999893,0.9497130501310813,0.9842393419788242
168,LBRDA,0.8557181928908205,33.5875,8.91556425,1.7124542369898603,0.9254027331417712,0.897837453664007,0.629748439285213,0.9163443965175552
278,TARS,0.8554292929292929,66.17,4.10635,2.045778129325688,0.8409090909090909,0.9494949494949496,0.6994949494949495,0.8888888888888888
291,UCTT,0.8547813009901926,123.75,9.73047124,0.9976208942415337,0.9573903094070296,0.7528612337782976,0.8725535268284113,0.816825555096458
145,IMOS,0.8536121673003803,63.39,8.730703,0.5526397624564888,0.935361216730038,0.8212927756653993,0.714828897338403,0.9581749049429658
172,LIF,0.8535885167464115,57.58,8.477769,1.706828149319454,0.8875598086124402,0.901913875598086,0.7272727272727273,0.8181818181818182
34,ATRO,0.8531065088757397,80.06,6.039732,1.4187567715932563,0.8994082840236687,0.7958579881656804,0.8284023668639053,0.940828402366864
240,QTWO,0.8523098243009155,47.91,8.78746,3.5835851860717955,0.9244444444444444,0.8797327394209354,0.6966666666666667,0.8151447661469933
128,HEI-A,0.852085163527883,257.47,4.67537,1.785072790414204,0.7647056132066838,0.9037432054027343,0.8705869433920825,0.9401068833617012
200,MTZ,0.8516856137878169,426.9075,7.7369105,1.1428614530817904,0.8704239456993434,0.7495549126516079,0.9500451269117121,0.9468398798264159
135,HRI,0.8505918225268506,151.4325,5.7268055,1.2848871318509028,0.8851040799058496,0.8116857165147252,0.8416178331863556,0.8839182714237822
74,CRWD,0.8496196212248485,744.4802666666666,6.188965200000001,1.0458265631671184,0.8063508825262732,0.8005197776599605,0.9752671069540534,0.9216146876885593
177,LRCX,0.8495769200420258,403.26142857142855,7.058785971428571,1.146552441630373,0.9011199310250537,0.7697962167026157,0.9578092244373141,0.731944234498788
288,TWST,0.8465678282641192,90.93553636363636,6.526714472727273,1.197517524006374,0.8942285597325409,0.8404027585240637,0.805220729247338,0.7840272102484007
132,HNGE,0.8459680314721899,77.85916666666667,6.098337766666667,1.49548607107244,0.8769409986197072,0.9074264649493795,0.725798678290901,0.7627968356482947
192,MOH,0.8458255574439224,219.04000000000002,7.20413832,1.319902318525956,0.9164037108182466,0.7217487854178717,0.9239390875015008,0.8768436626098094
26,ARGX,0.8457957712452925,890.98125,4.5138921750000005,1.2086450841099412,0.7872008417692697,0.7858597621831341,0.9794888349019852,0.9932679288155419
268,SLS,0.8455995927790153,14.846666666666666,19.827814333333333,3.4085928401672088,0.9886518483609708,0.9898689295334121,0.6028440257326426,0.32548515369452796
264,SII,0.8452153110047845,128.01,7.757415,1.1327402755974183,0.8660287081339713,0.7894736842105263,0.8444976076555024,0.9688995215311004
67,CHRN,0.8451183431952661,20.61,7.7365475,1.5767187941212064,0.9585798816568049,0.8372781065088757,0.621301775147929,0.9230769230769232
280,TEM,0.8447368421052631,52.54,9.87035,1.393155182646229,0.944976076555024,0.9066985645933014,0.7105263157894737,0.5454545454545454
47,BE,0.8441778509789301,284.1971571428571,7.331074985714285,0.7674722985980117,0.9008219431562542,0.7782290014306107,0.9326392901496472,0.6998216234359792
14,AGYS,0.843456189481354,95.88875,5.7151408749999995,1.892641416739912,0.8303187302788853,0.8757984892200041,0.775548737308293,0.9120541519508413
242,RARE,0.8431015216625043,29.05666666666667,8.427402,1.4716457016191817,0.955490059321589,0.9020931296450453,0.6368633803556296,0.6557472945305645
136,HSAI,0.8429657794676805,18.5,17.385784,2.087363246917937,0.988593155893536,0.9809885931558936,0.5475285171102662,0.4410646387832699
228,PKX,0.8428394572843417,53.25833333333333,6.601951666666667,1.540891121898869,0.8289271867643241,0.9394558782923675,0.6657286135650309,0.9075966180149346
91,ELVN,0.8428030303030303,48.6,5.74412,1.413938791372068,0.9595959595959596,0.8207070707070707,0.7045454545454546,0.7878787878787878
171,LGND,0.8427007780797979,283.83142857142855,3.9018056571428574,3.0869121726941273,0.6953151605936786,0.9261481927095694,0.8864438376099406,0.9789983690167301
290,UAL,0.8406581740976643,130.54,7.39612,1.4823660582088765,0.9150743099787686,0.8025477707006369,0.8938428874734607,0.6072186836518046
151,IRON,0.8405741153179905,74.78,6.5849414,3.790241603608036,0.8133333333333334,0.9020044543429844,0.7377777777777778,0.9265033407572384
248,RGEN,0.8405439687867734,142.05214285714285,6.718687857142858,1.3635898920395366,0.8753872901967089,0.7941098162414482,0.8625424949845913,0.837114825365002
238,QCOM,0.8403699655537891,206.845,4.8245304,1.2574185140957976,0.8625825022883846,0.884662403044756,0.8723924459218577,0.5435575950281832
7,ADPT,0.8403397027600849,19.34,12.2461,2.2593421251148693,0.989384288747346,0.9596602972399152,0.5498938428874734,0.48195329087048827
243,RBLX,0.8395443836449308,54.3625,14.30454575,0.9803511145586757,0.9700562395500836,0.8496352029183767,0.7822617419060648,0.462000303997568
255,RVMD,0.8393443856284032,181.458,5.29594478,1.4611490076537073,0.8349667412924419,0.8637535327962664,0.8447494011977474,0.758424094578058
50,BIDU,0.83898170026761,111.37666666666667,6.8668844,1.2661248881680571,0.8372156053054606,0.8833495392642919,0.7884756315888867,0.7908877335041926
169,LBRDK,0.8385727883873898,34.47666666666667,10.043622,1.4201250112137194,0.9238440031873685,0.9204967572380633,0.6484149944982258,0.633705233388436
70,CIEN,0.8384689502336562,486.86749999999995,5.035707,0.8644587994742119,0.8834429349135231,0.7104290118996002,0.966872621284386,0.8723924459218577
207,NESR,0.838298641450408,27.13375,7.7591325,2.4310616832142373,0.9527180259364729,0.9609592339115893,0.5612748664061802,0.5625662722235023
292,VCEL,0.8372098490472656,46.23,7.7622333,3.6645819607843135,0.8866666666666667,0.8864142538975501,0.6622222222222223,0.8418708240534521
1,AAOI,0.8372009569377991,191.71,13.404321,0.9894934720732508,0.9904306220095692,0.6770334928229665,0.9473684210526316,0.6411483253588517
235,PTRN,0.8363546520621917,22.49875,6.9340459999999995,3.848225834325042,0.8878190512937436,0.9801152537525262,0.5658132249734902,0.6941500030129937
263,SHOP,0.8363057324840764,114.17,6.02712,1.9227232127378098,0.8428874734607219,0.9193205944798302,0.8386411889596603,0.5180467091295117
198,MTD,0.8361352495543672,1245.495,3.51718125,1.2496099884828813,0.6625776846365081,0.8797544201955967,0.9828220600279425,0.9975460085754204
112,FOUR,0.8343077965188033,45.0775,12.974065,1.6364982989951051,0.9801486199575371,0.777222561105358,0.768115711252654,0.6560474089625921
163,KNSL,0.834090909090909,304.48,3.19608,1.853962378436585,0.6565656565656566,0.9242424242424242,0.9116161616161615,0.9848484848484848
175,LMAT,0.834090909090909,91.95,3.76932,1.604330430869099,0.7904040404040404,0.8863636363636364,0.7550505050505051,0.9621212121212122
77,CWST,0.833864118895966,91.24,5.87143,1.6411684543409513,0.8280254777070063,0.8768577494692145,0.7685774946921443,0.8343949044585988
147,INFQ,0.833459595959596,15.96,12.3153,2.896860501434586,0.9949494949494948,0.9772727272727272,0.601010101010101,0.2297979797979798
35,AUGO,0.8333732057416268,66.14,8.622106,1.157337376931192,0.9114832535885168,0.8133971291866029,0.7320574162679426,0.8325358851674641
265,SIMO,0.8328792660316777,316.43083333333334,7.961353,0.932356196174573,0.8700800965584387,0.6973498506435473,0.9468725731277169,0.9490426988543926
306,WCN,0.8323232323232324,159.44,3.9171,1.437992859285348,0.8055555555555556,0.8308080808080808,0.8585858585858586,0.8787878787878788
117,GEHC,0.8318181818181817,63.72,5.07916,1.5029723346418573,0.9242424242424242,0.8535353535353535,0.73989898989899,0.6161616161616161
222,PAY,0.8311831229893591,23.43,10.1551,3.6209460456217673,0.9666666666666668,0.8819599109131403,0.5522222222222222,0.7371937639198218
208,NKTR,0.8290874524714829,70.785,8.250504,0.539094790654397,0.9163498098859316,0.8136882129277566,0.7414448669201521,0.752851711026616
104,FBIN,0.8281923958077072,48.547714285714285,9.4192801,1.5029382136756677,0.9353127851350488,0.8583071162209721,0.6981001173919541,0.6080540685470922
304,W,0.8280254777070063,92.79,9.35769,1.2825915743417509,0.9681528662420383,0.7176220806794055,0.8768577494692145,0.6263269639065817
287,TW,0.8279467680608364,98.695,7.1606965,0.558750199989334,0.8897338403041825,0.8250950570342205,0.7680608365019012,0.7414448669201521
17,ALGM,0.8278340251418691,61.53142857142858,10.3621598,1.3796002178668287,0.9156897742856421,0.8444835646289726,0.7247609028392599,0.6682117595390203
229,PLBL,0.8264662495260553,8.2025,7.00814525,10.30377771965943,0.9178777754554727,0.9917805139807402,0.32138935774474,0.9380797667443298
64,CDW,0.8263888888888888,130.06,5.25208,1.17800531323335,0.9343434343434344,0.6893939393939394,0.8712121212121212,0.8383838383838383
115,GDDY,0.8263269639065817,81.33,6.87254,1.5436325638893544,0.8917197452229301,0.8322717622080681,0.7728237791932061,0.6836518046709129
269,SNDK,0.8258613934655095,2285.733,17.5233282,0.7939744428379341,0.9724043095557692,0.5744447710790409,1.0,0.8446421524332612
209,NOVT,0.8258038647352871,159.6875,5.057563175,1.1913045146157808,0.8423166629293031,0.7792851667709961,0.8353682738306905,0.9116956957404432
78,CXT,0.8247041420118343,45.35,5.76025,1.447099430487414,0.8816568047337278,0.8076923076923077,0.7218934911242604,0.8905325443786982
249,RHP,0.824628450106157,129.77,4.45947,2.5278803039441167,0.673036093418259,0.9745222929936306,0.7876857749469215,0.9044585987261148
93,EMBJ,0.8239234449760765,61.705,6.7560596,1.6568402561835192,0.8086124401913876,0.9425837320574164,0.6746411483253588,0.7607655502392344
202,MUR,0.8238636363636364,36.02,4.64847,1.8959726474779957,0.8888888888888888,0.9318181818181818,0.5833333333333334,0.6994949494949495
40,AYA,0.8235645933014355,20.67,10.470091,1.204088168745941,0.9545454545454546,0.84688995215311,0.5514354066985646,0.8277511961722488
244,RBRK,0.8223484848484847,74.24,5.26017,1.302037475029273,0.9368686868686869,0.7676767676767676,0.7777777777777778,0.702020202020202
88,DYN,0.8215976331360947,19.2,6.2534647,1.9878525955819857,0.908284023668639,0.9201183431952664,0.5621301775147929,0.6923076923076923
71,COHU,0.821186907359423,68.04993333333334,6.245009666666667,0.4297583626848454,0.9219356798076985,0.7474700480251117,0.7710065888241996,0.8269358485309944
196,MSFT,0.8198453353130413,372.97,5.7081356,4.925577906668231,0.7044444444444444,0.9443207126948776,0.9644444444444444,0.4988864142538975
221,PANW,0.8197591752599314,330.6884333333333,8.7075685,0.899226308790145,0.9007412789182535,0.6870162008400902,0.9374777122995138,0.765485148846082
127,HD,0.8190021231422504,342.85999999999996,5.6742099999999995,1.3590629237072387,0.8046709129511678,0.7600849256900212,0.9639065817409768,0.7855626326963906
254,RUN,0.8188959660297238,14.42,12.5683,5.76873209396508,0.9915074309978767,1.0,0.4904458598726114,0.2377919320594479
25,APP,0.8187799043062202,521.955,5.0697565,1.458265292347621,0.6196172248803827,0.9234449760765552,0.9593301435406698,0.868421052631579
109,FLEX,0.8153371453003806,161.02249999999998,6.878066199999999,0.8376234761568386,0.9398757045815869,0.6895715903068844,0.8895703858939152,0.6711651491063255
76,CSL,0.8150743099787686,378.53,7.26876,1.133440063420322,0.910828025477707,0.583864118895966,0.9766454352441615,0.9660297239915074
162,KNSA,0.814781881744946,62.9025,6.2542215,1.1279015730348747,0.808937528499772,0.8768049855601155,0.6925824593403254,0.8625550995592035
283,TEX,0.8144381760281116,74.58,6.39087,1.4529246983729314,0.9080212851626127,0.8053473709255294,0.7080199125167006,0.7315516389392192
124,GRBK,0.8118895966029726,80.22,7.605630000000001,1.2308904207150473,0.9256900212314224,0.6709129511677282,0.7983014861995755,0.9341825902335456
213,NVR,0.8112526539278132,6764.829999999999,5.87301,1.1872289516973231,0.8301486199575372,0.6305732484076433,1.0,1.0
307,WDAY,0.8110014847809949,124.21,9.176411,1.9697627341831607,0.9488888888888888,0.6681514476614699,0.8911111111111111,0.6681514476614699
29,ASML,0.8104127762653647,1902.9966666666667,3.960042,1.0358962397041418,0.7294005594678307,0.7357226959449831,0.995492759166348,0.9852108503761033
281,TENB,0.8101961176706023,34.980000000000004,9.8594165,1.167575833800269,0.9408736150781378,0.880828497098259,0.6203130969490784,0.4853775901904779
15,AIP,0.8098445757888482,46.9375,8.4257314,1.1149055811824657,0.8862385464552647,0.8150780248303469,0.6747662382337305,0.794305281921381
247,RGC,0.8087121212121212,11.08,5.4234,1.8503000923361037,0.941919191919192,0.9191919191919192,0.3535353535353535,0.8661616161616161
160,KLAC,0.8084220116595099,281.0925,9.895838,0.7831479301079951,0.9070200476764662,0.6797045281432426,0.9291988059532786,0.6722864893195615
271,SRRK,0.8082070707070707,51.27,4.22851,1.5417322978928236,0.8535353535353535,0.8661616161616161,0.6363636363636364,0.7904040404040404
45,BB,0.8061348280098279,10.4025,20.67949,2.177260561018496,0.9975460085754204,0.955828154357566,0.5656435178494001,0.093251674134027
108,FIX,0.8061246540330708,1952.4033333333334,5.294562433333334,0.9251071505773086,0.7485416480304522,0.6990991344796514,0.9972519007726727,1.0
167,LB,0.8060836501901141,77.32,10.694347,0.4013315875978494,0.973384030418251,0.623574144486692,0.7946768060836502,0.8821292775665399
216,OCUL,0.8060650887573965,9.64,7.8299866,2.434168804213218,0.9615384615384616,0.9644970414201184,0.4215976331360946,0.4763313609467455
184,MDA,0.805621301775148,38.96,3.69976,2.3248705350389485,0.7514792899408284,0.9585798816568049,0.6094674556213018,0.8520710059171598
272,SSRM,0.804839594403556,31.323333333333334,8.235426666666667,0.45441326499993995,0.9696771928464193,0.7887361763567687,0.6371379359612525,0.6196732799018964
319,XNDU,0.8044258373205742,13.955,18.36302,1.2246321580224344,1.0,0.868421052631579,0.5717703349282297,0.361244019138756
66,CHDN,0.8043062200956937,91.895,5.699326,1.7402153056501437,0.6842105263157895,0.9521531100478468,0.7272727272727273,0.861244019138756
120,GFI,0.8034688995215309,39.46,8.109587,1.2478841565715242,0.8899521531100478,0.8732057416267942,0.631578947368421,0.6004784688995215
102,EXE,0.8032319391634981,92.53,5.6989536,0.8223019149889541,0.8060836501901141,0.908745247148289,0.7072243346007605,0.6159695817490495
69,CHYM,0.8031125958921059,20.32,11.220576,3.69898939839989,0.9866666666666668,0.8930957683741648,0.5355555555555556,0.3808463251670378
295,VEEV,0.8025513486760703,171.36,8.40081,1.7759258388325634,0.9155555555555556,0.621380846325167,0.92,0.8062360801781737
293,VCYT,0.8023702751194883,51.5576,4.898469633333334,0.5019862514085561,0.8638280946544871,0.8324922297537429,0.6355512190078639,0.8154791777503513
16,ALAB,0.8008704242153135,470.7975,11.295095750000002,0.4545880103057321,0.9489052908869504,0.5490444593553518,0.9771552473968041,0.8115696215114689
106,FIGR,0.7994296577946769,29.575,9.253791,0.8690662089240319,0.9505703422053232,0.9239543726235742,0.5171102661596958,0.3992395437262357
99,ERIE,0.7991161616161617,221.12,4.47437,1.1097678115994831,0.8686868686868687,0.6085858585858586,0.9166666666666666,0.9873737373737372
31,ASR,0.7989234449760766,300.185,4.561288,1.587834406820429,0.5574162679425837,0.9330143540669856,0.8875598086124402,0.9976076555023924
149,IQV,0.7977707006369427,185.62,8.37225,1.1011296199927498,0.951167728237792,0.5498938428874734,0.9490445859872612,0.8259023354564756
82,DDOG,0.7974078198465727,239.77,8.522676,1.6594389830275984,0.9222222222222224,0.5924276169265034,0.9555555555555556,0.7616926503340757
5,ACLS,0.7971291866028708,191.415,6.270818,1.0782021353116638,0.7607655502392344,0.7559808612440191,0.8636363636363636,0.9354066985645934
226,PGR,0.7970959595959597,215.69,4.00714,1.1925251804696204,0.8207070707070707,0.702020202020202,0.8939393939393939,0.8535353535353535
85,DNLI,0.7970414201183433,23.49,7.113541,1.3804335468738356,0.940828402366864,0.7692307692307693,0.6390532544378699,0.7071005917159763
43,BALL,0.7964646464646464,60.49,3.93471,1.5809783875214056,0.8080808080808081,0.8838383838383839,0.6590909090909091,0.7247474747474747
277,SYRE,0.7963017751479289,87.49,4.891493,1.2823590970122054,0.8609467455621301,0.6923076923076923,0.8106508875739645,0.9053254437869822
219,OPLN,0.7962180153427368,42.9,8.22402,2.370724437414706,0.9044444444444444,0.7706013363028953,0.6577777777777778,0.7839643652561247
302,VSH,0.7960526315789473,63.52,6.9720435,1.2525535650539763,0.8253588516746412,0.8803827751196173,0.6866028708133971,0.6172248803827751
285,TRVI,0.7955621301775148,16.37,6.29871,1.7366966146158314,0.9112426035502958,0.8757396449704142,0.5088757396449705,0.6834319526627219
211,NTES,0.794840604393205,126.66,6.2558862,1.355828935737295,0.798954248366013,0.7520852438971135,0.80640522875817,0.906957363494767
8,AEIS,0.7947368421052632,369.715,4.33022,1.7056902855963705,0.5311004784688995,0.9473684210526316,0.9090909090909092,0.9545454545454546
310,WLY,0.7943942093541203,48.19,5.7726,6.266218510530904,0.7133333333333334,0.9665924276169264,0.5866666666666667,0.89086859688196
51,BIIB,0.7941437762929968,216.03,6.966722,1.79588726397523,0.8377777777777777,0.6325167037861915,0.9311111111111112,0.933184855233853
170,LEU,0.7940191387559808,176.075,8.300526,0.919083208191522,0.8995215311004785,0.5980861244019139,0.8971291866028708,0.9043062200956936
139,HUBS,0.7937270477604553,185.47,8.9206,1.4883516525258749,0.94,0.5412026726057907,0.9377777777777778,0.8775055679287305
296,VICR,0.7932295496181485,357.33500000000004,9.659542675,0.6967425295482638,0.8970190965745002,0.5492279698126051,0.9595922323530502,0.9512462991205162
32,ASTH,0.7920454545454545,41.2,4.06669,1.4800273689689625,0.8308080808080808,0.8484848484848485,0.5858585858585859,0.8712121212121212
188,MIRM,0.7896493442217273,123.77,5.533764,3.414427662186447,0.6733333333333333,0.8641425389755011,0.8088888888888889,0.8975501113585747
224,PBF,0.7892270861833104,46.935,8.8726535,0.8544728375011805,0.9069767441860466,0.7730658154734762,0.6979404164766683,0.6162410700714394
140,HYMC,0.7884768621628309,23.74,8.451349,3.754520072017956,0.9177777777777778,0.8953229398663697,0.5133333333333333,0.512249443207127
57,BWIN,0.7883197228408811,26.22,9.204494,2.684934917156901,0.9511111111111112,0.8106904231625836,0.5577777777777778,0.6013363028953229
237,QBTS,0.7881578947368422,26.285,12.473252,1.2135897639801745,0.9808612440191388,0.8636363636363636,0.6291866028708134,0.1674641148325359
223,PAYP,0.786489898989899,14.61,6.48688,1.4962435131618144,0.9797979797979798,0.851010101010101,0.4305555555555556,0.5959595959595959
312,WOLF,0.7856920217219089,49.12625,10.82873275,0.9987467306128697,0.9753489264080235,0.6712603947521821,0.7775988347177214,0.5385899237229266
204,MXL,0.7855134563232745,109.70833333333333,9.193778100000001,0.6599133403258115,0.9144499214095007,0.6793459467279902,0.8165710846683315,0.6437068554148652
266,SKE,0.7852870813397129,29.915,6.421203,1.6187730564655898,0.7799043062200957,0.9401913875598086,0.5287081339712919,0.7751196172248804
116,GEF-B,0.7844961240310077,88.6,3.4563277,1.0851456765621983,0.627906976744186,0.9844961240310076,0.6046511627906976,0.992248062015504
18,ALGT,0.7844286067804999,116.1,5.497497,3.2398602484472048,0.6666666666666666,0.8552338530066815,0.7911111111111111,0.935412026726058
44,BAP,0.7840236686390533,386.94,6.22049,1.0480040890199758,0.9053254437869822,0.4970414201183432,0.9733727810650888,0.985207100591716
320,XYZ,0.7833732057416267,74.245,6.796614,1.1901955089907414,0.8110047846889952,0.8421052631578947,0.7129186602870813,0.6220095693779905
181,MANH,0.7815412026726057,137.85,7.8048043,1.564525451639026,0.8888888888888888,0.5701559020044543,0.8844444444444445,0.9398663697104676
231,PODD,0.7813131313131313,143.9,3.54752,1.2923374522630382,0.7474747474747475,0.7575757575757576,0.8295454545454546,0.8863636363636364
305,WAY,0.780050505050505,18.41,6.35471,1.43003967585679,0.9722222222222222,0.8257575757575758,0.4898989898989899,0.5277777777777778
37,AVGO,0.7800295857988166,392.9,4.297736,1.2366910371441229,0.8076923076923077,0.6627218934911243,0.955621301775148,0.742603550295858
137,HSY,0.7797979797979799,179.27,4.90374,1.057357882504438,0.9090909090909092,0.5555555555555556,0.898989898989899,0.8737373737373737
321,ZETA,0.7787878787878788,19.51,5.63076,1.7007349162997891,0.9545454545454546,0.904040404040404,0.4722222222222222,0.3383838383838384
214,NXST,0.7779839148725562,164.0,6.0116377,2.0974753581219927,0.7444444444444445,0.6993318485523385,0.8733333333333333,0.979955456570156
58,CAAP,0.7778708133971292,28.12,6.3942513,1.3204982040626188,0.777511961722488,0.8995215311004785,0.5191387559808612,0.8708133971291866
246,RDDT,0.7767942583732057,181.87,12.196168,0.8194541711955021,0.9760765550239234,0.492822966507177,0.9354066985645934,0.7559808612440191
59,CALM,0.7767676767676768,79.57,4.73871,1.1196001774007804,0.8939393939393939,0.6313131313131313,0.7727272727272727,0.8838383838383839
113,FRMI,0.7766272189349113,8.66,9.898474,2.235002645301482,0.9822485207100592,0.9467455621301776,0.4378698224852071,0.1390532544378698
19,ALL,0.7751262626262626,231.55,4.03936,1.1093815744750213,0.8257575757575758,0.6060606060606061,0.9065656565656566,0.9267676767676768
111,FORM,0.7746732026143791,144.75,10.71592,0.5374212111033257,0.934640522875817,0.545751633986928,0.8594771241830066,0.8464052287581699
12,AGM,0.773232323232323,189.38,3.44677,1.1995022812111158,0.7247474747474747,0.7045454545454546,0.8661616161616161,0.9974747474747476
87,DUOL,0.7710858585858584,132.18,3.87426,1.156332518764691,0.8005050505050505,0.6818181818181818,0.8295454545454546,0.8636363636363636
79,CYTK,0.7693511473016315,75.586,3.6633911599999998,0.9049974163920866,0.732296184032181,0.8424741471961406,0.695798357873492,0.7902185979702046
9,AEM,0.7688995215311004,171.36,5.3615355,1.189590495332252,0.6483253588516746,0.8397129186602871,0.8253588516746412,0.8301435406698564
317,XENE,0.76815713932195,59.74,5.213108,6.896864007054655,0.6333333333333333,0.975501113585746,0.6288888888888889,0.7928730512249443
11,AGI,0.7675837320574161,37.5198,6.590334,1.3462283126480254,0.7894736842105263,0.901913875598086,0.5885167464114832,0.5789473684210527
56,BOBS,0.7668537490720119,16.18,7.43692,4.43296116386448,0.8622222222222222,0.930957683741648,0.4044444444444444,0.5835189309576837
134,HQY,0.765789161098738,88.46,6.029005,2.353333197464691,0.7466666666666667,0.7683741648106904,0.7466666666666667,0.8619153674832962
138,HUBB,0.7656589578069705,511.6283333333334,4.4715119,0.3259042824891952,0.8228111024236563,0.529622425982526,0.9685564393784377,0.9859593498911914
27,ARM,0.7653133700970454,407.71005,2.9939980999999998,0.8802677018766806,0.5744870651204281,0.8392330981537048,0.9529438001784121,0.7992255291541643
39,AXTI,0.7653110047846889,111.0999,14.3326645,0.8407691261307496,0.992822966507177,0.5191387559808612,0.901913875598086,0.5574162679425837
251,ROAD,0.7650717703349281,120.43,5.7609534,1.1307807478233247,0.6913875598086124,0.7870813397129187,0.7822966507177034,0.9114832535885168
107,FISV,0.7642007038992313,49.595,3.5170099500000003,0.9329254289069129,0.7246920440863203,0.9334074279892564,0.6027137167731778,0.6332314531814394
260,SEI,0.7640532544378698,81.28,6.7367,1.089945480303029,0.9260355029585798,0.5384615384615384,0.8431952662721893,0.8284023668639053
3,ACAD,0.7637359564464241,25.32,6.7453647,4.149225241689086,0.82,0.9198218262806236,0.4777777777777778,0.5924276169265034
146,INCY,0.762225439247711,113.75,5.7844334,2.3360785593021225,0.7177777777777777,0.7661469933184856,0.7977777777777778,0.8329621380846325
60,CARG,0.7611890110158362,30.388333333333335,8.761021,0.3700263544262712,0.966750741126052,0.6349739699442782,0.639036970505014,0.7277796804021789
318,XMTR,0.7610946745562129,88.86,3.349613,1.372529210174591,0.7130177514792899,0.7633136094674556,0.7544378698224852,0.9349112426035504
72,CRDO,0.7593155893536122,271.355,10.450594,0.3510901098254848,0.9619771863117872,0.4980988593155893,0.9277566539923956,0.6273764258555133
13,AGX,0.7577519379844961,719.55,4.4536695,0.2168781089453641,0.8062015503875969,0.5193798449612403,0.9767441860465116,0.9844961240310076
130,HL,0.7564593301435407,16.54,8.175284,1.7612267311272451,0.8923444976076556,0.9545454545454546,0.4473684210526316,0.2057416267942583
89,EGO,0.7555023923444977,33.625,9.670581,1.0147665974776503,0.9401913875598086,0.6913875598086124,0.6339712918660287,0.5765550239234449
245,RCL,0.751555023923445,313.455,6.479714,0.9088319361406958,0.7822966507177034,0.583732057416268,0.930622009569378,0.8732057416267942
166,LAZ,0.7511808835787719,45.68,3.67679755,0.5803906475195031,0.7527553950171344,0.8362045012503474,0.5724738353246273,0.8055015282022784
206,NBIS,0.7498197856283886,276.448,5.386063699999999,0.7562992744283127,0.7732069661020112,0.6661416140822591,0.8989448035788001,0.6625882184813395
110,FNV,0.7482822410147991,226.33499999999998,4.862671649999999,0.8994046122531152,0.7050090872000296,0.6743258781202478,0.866835428952932,0.9214791736211565
98,EOSE,0.7471141153671483,7.168000000000001,9.3424274,1.1981940434603668,0.9711765339461564,0.9183309013855265,0.37276763689805276,0.11232985621448721
261,SEZL,0.746096525572184,148.78333333333333,5.1865643666666665,0.6426376278698656,0.7157153790282876,0.670384324666947,0.8338369731446756,0.9419423464991677
203,MWH,0.7434695975487894,35.5425,6.7161514,0.8829714846711308,0.9288754691819228,0.6605682105585429,0.5904777813473219,0.6906875337016211
315,WWD,0.7426229508196721,415.62,3.2569556,0.3960013711752408,0.6885245901639344,0.6120218579234973,0.9453551912568308,0.9836065573770492
123,GMAB,0.7328897338403042,27.56,5.9185205,0.7313729770355367,0.8250950570342205,0.8897338403041825,0.4144486692015209,0.4980988593155893
195,MRVL,0.7324107750464551,300.054,3.31017944,0.9782965207289219,0.6031291063062147,0.8104808778364048,0.8900302743986268,0.596412257168131
101,EW,0.7263198110586273,89.144,3.31942335,0.4916645746414667,0.6918125405205149,0.7555802537741965,0.7278873761229971,0.7415485783087895
118,GENB,0.7250950570342205,17.83,5.4405684,0.9208602242149284,0.779467680608365,0.9391634980988594,0.3193916349809886,0.596958174904943
300,VRT,0.723764258555133,330.04,7.5153947,0.3210996507716268,0.9011406844106464,0.4410646387832699,0.908745247148289,0.7224334600760456
225,PENG,0.7193916349809886,72.115,6.145121,0.4246146140479976,0.8517110266159695,0.6615969581749049,0.6539923954372624,0.5893536121673004
62,CBOE,0.7178707224334602,240.98,4.0905366,0.4309480835247813,0.6539923954372624,0.6768060836501901,0.8288973384030418,0.8631178707224335
46,BBWI,0.7162691617611264,20.93166666666667,7.563165733333332,0.37684604966040686,0.9592637346147689,0.6515985993812522,0.5172165969157381,0.4902402547937161
92,EMAT,0.7127720663147169,7.2701,4.921928,0.4827015630421051,0.8693618597758637,0.7418264332685005,0.29151616189682317,0.9055293136982495
289,TXG,0.7103172174622603,32.7975,7.63136575,0.7694268699782156,0.8425225325470123,0.7148102815177478,0.5358573495048403,0.5807926263862617
100,ESAB,0.698864099996291,99.3725,5.5704965,0.9723829640045267,0.7992748785282444,0.5300526686695597,0.7387429991469159,0.8585085864767628
178,LUV,0.6979137723441697,48.09,4.361975,0.3939298218896372,0.8362045012503474,0.6166527739186811,0.6443456515698804,0.6054459572103362
94,EMR,0.6965291284616097,150.985,3.047363,0.4101631890002463,0.6249421135500602,0.6444382698897841,0.8223580624247476,0.8777438177271464
10,AFRM,0.6955844205680111,73.74000000000001,4.7262618,0.5596960916843338,0.7169490631394658,0.6999538410472377,0.6684572664771078,0.6597695080724333
96,ENSG,0.6913253968766805,156.9416666666667,4.134870633333334,0.28435977839934345,0.8050958743205298,0.4011392771319624,0.8669555783870484,0.9575197819089856
313,WPM,0.6889732516962669,125.73,4.8162874,0.6777281848217935,0.6965642148514584,0.5740748249668857,0.798157759576136,0.8461803584461924
158,KEEL,0.6790654955116012,5.970366666666667,5.483541533333334,0.6036539480696747,0.8898531245759481,0.8938543795900814,0.23683868545167228,0.07400131963156574
316,XE,0.6772125547363501,22.5367,6.809002433333333,0.32986801418062234,0.9312599753161409,0.5786864424728947,0.5029727608803192,0.4813675633412382
157,KD,0.6764418482596012,12.155000000000001,5.0569302333333335,0.42313381166218483,0.877168004606505,0.7196852700254808,0.355173307543798,0.4650854062964662
262,SHAK,0.6746758358803371,61.215,4.820203,0.332352037275463,0.8668148559785125,0.41951468000370473,0.7223302769287765,0.7999444290080577
129,HIMS,0.6733838103176808,31.740000000000002,5.20384685,0.38446395902544894,0.9025192183013802,0.5945169954617023,0.5554320644623506,0.3833472260813189
154,JBTM,0.6731024911456168,132.68833333333333,3.9958717999999998,0.27897990624060315,0.7809382881980568,0.3970604811988401,0.8309830537193434,0.9460631111283425
84,DKS,0.6720379907424759,228.62833333333333,3.903082833333333,0.28364101090379323,0.7566852118697915,0.38138501004801073,0.9049685779785226,0.9271969747554051
252,ROKU,0.6699777716032231,138.85500000000002,-1.45137735,1.8099090880616417,0.32504399370195425,0.975039362785959,0.6469852736871353,0.855515420950264
125,GRND,0.6658927293182932,13.18,4.354712166666666,0.40650810279847316,0.807217480020649,0.7233763613636576,0.3442321402801381,0.6133845677775839
65,CEG,0.658139534883721,270.81,3.2246964,0.2398016095902689,0.5271317829457365,0.6356589147286822,0.8682170542635659,0.7751937984496124
155,JPM,0.6556497175141243,329.74,3.237319,0.3350351256065527,0.6666666666666666,0.4350282485875706,0.9378531073446328,0.8248587570621468
303,VST,0.6541321771120746,158.8425,3.4669712500000003,0.28659379354295156,0.6602943108658521,0.5269346997766391,0.8152016817763763,0.7556168703192747
182,MBLY,0.651336880830377,9.8975,3.8562467,0.566527793147397,0.7169885691761924,0.9008671659440284,0.24145972933911442,0.36795427670476943
273,STEP,0.6456390083856216,48.31833333333333,4.691040833333333,0.6267345526655611,0.7601289328360258,0.5281959901485657,0.5817489669635801,0.7837549194829863
259,SATS,0.6291127021358934,117.93666666666667,0.06056695333333332,0.9025975029980228,0.3937614022844416,0.9593254801613713,0.43913648135104993,0.6770499700964883
24,APLD,0.6282945736434109,48.295,3.9272583,0.2759204884664921,0.7131782945736435,0.7054263565891473,0.4806201550387597,0.3565891472868217
311,WMS,0.6274011299435027,141.855,3.702758,0.2908272332365544,0.7570621468926554,0.2768361581920904,0.8587570621468926,0.9378531073446328
183,MCO,0.6214689265536724,468.03,3.0766861,0.2992538862471697,0.6271186440677966,0.3220338983050847,0.9548022598870056,0.9830508474576272
131,HLNE,0.6180790960451977,87.1665,6.313573,0.2066317493912571,0.9378531073446328,0.0677966101694915,0.8700564971751412,0.9209039548022598
258,SAIL,0.6031007751937985,14.68,3.3075318,0.4088050519474495,0.5891472868217055,0.8682170542635659,0.2480620155038759,0.4341085271317829
153,IX,0.5903100775193798,39.57,3.0200465,0.3369936767612786,0.4263565891472868,0.8062015503875969,0.3875968992248062,0.813953488372093
0,AAL,0.5666666666666665,16.125,4.3028145,0.2381089594635676,0.7906976744186046,0.6201550387596899,0.3178294573643411,0.0930232558139534
275,SVM,0.5631782945736434,12.6303,3.695612,0.2685724882697775,0.6666666666666666,0.689922480620155,0.2403100775193798,0.4031007751937984
191,MOD,0.5569767441860465,296.075,3.6241813,0.1443431974891774,0.6589147286821705,0.1550387596899224,0.9147286821705426,0.8914728682170543
